sentence_id,sentence,true_label,predicted_label_tfidf,predicted_label_embedding
3291,"This implementation is very important to the operator , since it is about to launch its Fixed-to-Mobile convergence service in Brazil see Brazil : 8 May 2006 : .",neutral,neutral,neutral
4532,"RAPALA TOURNAMENT FISHING : With all the major titles already out for the holidays , bargain-priced games such as Rapala aim for a smaller audience .",neutral,neutral,neutral
65,Most bullish stocks on Twitter during this dip. $YHOO $GDX $GOOGL $STZ $GOLD $EW $VZ $CELG $SBUX $SCTY more: https://t.co/iuZJelfwt3,positive,positive,negative
1652,The bank sees a potential for Getinge share to rise .,positive,positive,positive
5372,Finnish Componenta has published its new long-term strategy for the period 2011-2015 with the aim of growing together with its customers .,neutral,positive,positive
1248,Metsaliitto said that it will book a minor gain of less than EUR1 .0 m from the transaction .,positive,positive,positive
3814,"Before FKI , John Jiang has worked in several general manager or senior business consultant positions for international companies in China .",neutral,neutral,neutral
158,"In future , the company intends to look for know-how from outside the company and to cooperate with other actors in the sector .",positive,neutral,neutral
2180,Kirsi Rantanen was previously development director for HK Ruokatalo 's poultry business .,neutral,neutral,neutral
1125,"Coca-Cola was the market leader of manufacturers with a market share of 36.9 % , down 2.2 % from the corresponding period in 2004-2005 .",negative,neutral,neutral
3532,` By separating side businesses we will be able to faster expand and develop Tapro retail network .,positive,positive,positive
2827,`` NTC has a geographical presence that complements Ramirent 's existing network and brings us closer to our customers in the East Bohemia region in the CzechRepublic . '',positive,positive,neutral
2053,"In January-September 2009 , the Group 's net interest income increased to EUR 112.4 mn from EUR 74.3 mn in January-September 2008 .",positive,positive,positive
2071,Some of the lay-offs will be implemented using part-time employment contracts .,neutral,neutral,neutral
933,Airbus will attempt to evacuate up to 873 people within 90 seconds .,neutral,positive,neutral
1865,Border Guard Service has banned the mooring of the company car-shipping ferry on its test travel at the railroad-car terminal of the Russian port as the border checkpoint is not yet ready .,negative,neutral,negative
3315,"According to Atria 's President and CEO Matti Tikkakoski , the company 's Swedish operations significantly improved in the first quarter .",positive,positive,positive
5437,"In addition , the Kazakh delegation will visit Finland 's SITRA investment fund , Honkarakenne Ltd and Nokia headquarters to study TeliaSonera Ltd JSC 's activities .",neutral,neutral,neutral
1377,20 October 2010 - Finnish metal products company Componenta Oyj HEL : CTH1V said yesterday that its net loss narrowed to EUR7m for the first nine months of 2010 from EUR23 .3 m for the same period of 2009 .,positive,positive,negative
3983,The company 's market share is continued to increase further .,positive,positive,positive
5748,The court found TelecomInvest 's arguments convincing .,positive,neutral,neutral
1971,"`` As a part of the Eseries business promise , the Nokia E50 has been equipped with a variety of email solutions in a small and stylised package , '' said Dave Grannan , general manager , Enterprise Solutions , Nokia .",neutral,neutral,neutral
1289,"( ADP News ) - Oct 1 , 2008 - Finnish consulting and engineering company Poyry Oyj ( OMX : POY1V ) said today it was awarded a EUR 5.2 million ( USD 7.4 m ) extension to their existing consultancy engineering contract with Venezuel",positive,positive,positive
3448,The acquisition price was not disclosed .,neutral,neutral,neutral
3674,Scanfil plc is a global contract manufacturer and systems supplier for communication and industrial electronics .,neutral,neutral,neutral
1236,Poyry has a good track record of major transportation projects in Latin America .,positive,positive,neutral
4954,"$INTU is in the process of streamlining its structure, especially through divestment of non-core businesses   https://t.co/dR5baNun2u",positive,positive,neutral
4425,"$QCOM chart: Qualcomm Short 61.8% Retracement, Trendline and Resistance. https://t.co/2WQqh35KOY",negative,negative,negative
4249,"Last year , the firm also acquired Realprojekti Oy , a real estate development company , to advise CapMan on its property activities .",neutral,neutral,neutral
79,Operating profit totaled EUR 18.6 mn or 8.3 % of net sales .,neutral,negative,positive
4550,Oriola-KD is a spin-off of Finnish pharmaceutical group Orion Oyj 's wholesale division .,neutral,neutral,neutral
1420,"Janno Reiljan , a member of the Eesti Energia supervisory board , said the owners of Narva Power Grid had informed Eesti Energia about their wish to sell .",neutral,neutral,neutral
969,Basware Einvoices Oy will be merged into the parent company during the present fiscal period .,neutral,neutral,neutral
2385,"Nokia will continue to invest in future development of Qt , and Digia will be responsible for commercial licensing and services business .",neutral,neutral,neutral
2373,"Last year the company raised its turnover to approximately 7 million litas EUR 2 mln , from 6.1 million litas in 2004 .",positive,positive,positive
5650,"The sellers include 40 shareholders , including Intellibis management , employees and other investors .",neutral,neutral,neutral
3263,"Honkarakenne 's customer in this project is one of the biggest real estate companies in Kazakhstan , according to the company .",neutral,neutral,neutral
2351,"We can choose the most efficient , best overall value option for our customers already at the bidding stage .",positive,positive,positive
2843,"According to CEO Kai Telanne , the company 's newspapers achieved the best financial result ever .",positive,neutral,positive
1502,"Operating loss totalled EUR 5.2 mn , compared to a loss of EUR 3.4 mn in the corresponding period in 2008-2009 .",negative,negative,negative
3657,Net sales of Finnish food industry company L+ñnnen Tehtaat 's continuing operations increased by 13 % in 2008 to EUR 349.1 mn from EUR 309.6 mn in 2007 .,positive,positive,positive
2527,Finnish Outotec has been awarded a contract to supply a new zinc roaster with gas cleaning and sulphuric acid plant for the OZK Kardzhali zinc smelter in Bulgaria .,positive,positive,positive
5645,$SPY Tomorrow party time for the Bears!! $GOOG and $MSFT -5.5%,negative,positive,negative
3219,Customers include hotels and restaurants as well as wholesalers and some retailers .,neutral,neutral,neutral
5056,The size of a cider bottle will remain unchanged .,neutral,neutral,neutral
1761,"The interim report for the first quarter is published on May 8 , 2009 .",neutral,neutral,neutral
3846,"Thus the group 's balance sheet will have about EUR 25.8 million of goodwill , the company added .",neutral,neutral,neutral
3352,TeliaSonera TLSN said the offer is in line with its strategy to increase its ownership in core business holdings and would strengthen Eesti Telekom 's offering to its customers .,positive,positive,positive
2922,"Operators only need to learn how to use one device for multiple levels of applications , including voice-directed operations .",neutral,neutral,neutral
3129,UPDATE 1-Pearson expects to grow this year after solid end to 2014,positive,positive,positive
5544,"Seppala 's revenue increased by 0.2 % to EUR10 .1 m. In Finland , revenue went down by 2.4 % to EUR6 .8 m , while sales abroad rose by 6.2 % to EUR3 .3 m. Sales increased in all the Baltic countries as well as in Russia and Ukraine .",positive,positive,positive
1976,The shipyard hopes the regional government in Andalusia can offer its some form of financial support .,neutral,neutral,neutral
5262,"When the product is manufactured in Finland , it is also packed in the country .",neutral,neutral,neutral
5228,"Rio Tinto swings to loss, drops dividend policy",negative,negative,negative
59,"Some of the most recent technology deliveries include refinery technology to Anrak Aluminium , an iron ore pelletizing plant to Tata Steel and iron ore sintering plants to Bhushan Steel .",neutral,neutral,neutral
1370,The divested activities had net sales of EUR 145.1 million in 2009 and an operating profit of EUR 8.9 million .,neutral,neutral,neutral
2289,Neste Shipping is the most likely to remain Finnish as the oil sector and its transports are significant for emergency supply .,neutral,neutral,neutral
4251,Combining this deep domain expertise with our Application Service Management ASM and outsourcing service offerings has now proved to be a winning combination .,positive,positive,positive
5805,"The new office , located in Shenzhen , will strengthen Vaisala 's already 10-year old presence in China .",positive,neutral,neutral
1921,Also construction expenses have gone up in Russia .,negative,positive,neutral
2314,The financial details of the acquisition were not disclosed .,neutral,neutral,neutral
2166,"Finnish Vaahto Group that provides paper-making technology and process machinery is starting negotiations concerning the temporary lay-offs of all 140 employees at the company 's plants in Hollola and Tampere , in Finland .",negative,neutral,neutral
5487,"Within the framework of the partnership , Nokia Siemens Networks has signed an initial framework purchase agreement with Sitronics subsidiary , JSC Mikron , which is the largest manufacturer and exporter of microelectronic components in Russia .",positive,neutral,positive
4516,Bertrand Sciard has been the vice chairman of the board of directors of Aldata Solution since April 2007 .,neutral,neutral,neutral
4688,"Originally posted to the PCMag.com security blog , Security Watch .",neutral,neutral,neutral
2952,$EBAY had a nice breakout of the recent consolidation. Congrats to those who had it. http://stks.co/2TAd,positive,negative,positive
3590,Diluted earnings per share ( EPS ) rose to EUR 0.29 from EUR 0.05 .,positive,positive,positive
1676,"Operating profit excluding non-recurring items amounted to EUR 40.6 mn , down from EUR 57.3 mn year-on-year .",negative,negative,negative
5059,EBIT excluding non-recurring items was estimated to increase from 2009 .,positive,positive,positive
3329,"The company 's plant in Russia will continue to make tyres for its near markets , while the plant in Nokia in Finland will manufacture tyres for other markets .",neutral,neutral,neutral
1716,"The reorganisation will be carried out by transferring HKScan Corporation 's production-related property , plant and equipment in Finland as well as its holdings in subsidiaries and associates to HKScan Finland Oy , a holding company wholly owned by HKScan Corporation .",neutral,neutral,neutral
836,"A total of 131000 Talvivaara Mining Company Plc 's new shares were subscribed for during the period between May 1 , 2010 and June 30 , 2010 under the company 's stock option rights 2007A .",neutral,neutral,neutral
4437,Vacon controls a further 5 % of the company via investment fund Power Fund I. EUR 1.0 = USD 1.397,neutral,neutral,neutral
5229,Cision says the sale will return its U.K. operation to profitability .,positive,positive,positive
2074,"Demand seems to have hit bottom now , and some signs of improvement can be seen .",positive,positive,positive
5322,The costs of the new ropax vessels are 30 % lower than those of the present ones .,positive,neutral,negative
731,News FeedFTSE 100 movers: LSE surges as ICE says mulling offer; Ashtead and Barclays tank,positive,positive,negative
711,"To check them out or to make a bid they will be in the Deka Showroom , Fortitude Valley .",neutral,neutral,neutral
280,"Utah 's capital wanted to be the next U.S. headquarters of Amer Sports Corp. , a ski-equipment company .",neutral,neutral,neutral
260,The order includes 48 ship cranes that will be delivered for 12 container feeders to be built at Wenchong shipyard in China .,neutral,neutral,neutral
1387,NetCom expects to complete Turbo 3G deployment in these areas this year .,neutral,positive,neutral
1331,Berkshire Hathaway names Kara Raiguel to lead General Re unit,neutral,positive,positive
1904,Total operating revenue grew by 27.6 % year-on-year to EUR61m .,positive,positive,positive
1722,ALERT: New MACD signal created on $CTXS - Buy at 77.09 - Time: 18:23 - Strength: 10. Powered by https://t.co/4TdgjEDLLZ,positive,positive,positive
630,Tesco sales recover as focus returns to core business,positive,positive,negative
3076,The transaction is expected to be completed next spring .,neutral,neutral,neutral
5313,"HELSINKI , Finland , Sept. 18 , 2009 ( GLOBE NEWSWIRE ) -- Ixonos Plc expands the company 's smartphone R&D services and establishes a new next-generation smartphone design unit in connection with Ixonos ' site in Jyvaeskylae .",positive,neutral,neutral
2221,"HK Ruokatalo produces many turkey products , such as cold cuts .",neutral,negative,neutral
5205,The most significant challengers in the market are Logset and Sampo-Rosenlew .,neutral,neutral,positive
4981,Earnings per share were higher at 0.48 against 0.37 a year before and ahead of market consensus of 0.40 eur .,positive,neutral,positive
55,The price for logs has clearly improved from 2009 and also the price of pulpwood has gone up .,positive,positive,positive
3156,"rosendal at outotec.com Eila Paatela , Vice President - Corporate Communications tel. +358 20 529 2004 , +358 400 817198 e-mail eila .",neutral,neutral,neutral
423,"ADPnews - Feb 5 , 2010 - Finnish real estate investor Sponda Oyj HEL : SDA1V said today that it slipped to a net loss of EUR 81.5 million USD 11.8 m in 2009 from a profit of EUR 29.3 million in 2008 .",neutral,negative,negative
1967,#LongPos $TSLA 256 Break-out thru 50 & 200- DMA (197-230) upper head res (274-279) Short squeeze in progress Nr term obj: 310 Stop loss:239,positive,negative,negative
1598,The stock was hit by the profit warning of Finnish rival Rautaruukki Oyj ( OMX : RTRKS ) .,neutral,negative,negative
95,"M-Real said there are ` no grounds ' for the rumors , which ` have been circulating in the market for some months . '",neutral,neutral,neutral
4393,GlaxoSmithKline starts hunt for successor to CEO Witty,neutral,positive,negative
2212,The CVs of the proposed members are available for viewing from 12 March 2008 onwards on the Internet at www.sampo.com/ir .,neutral,neutral,neutral
2948,Insurer Old Mutual picks Standard Bank's Hemphill as new CEO,neutral,positive,positive
5730,"Economic development in China is no longer taking place only on the East coast and in the Shanghai area , Vauramo says .",neutral,neutral,neutral
1085,"A purchase agreement for 7,200 tons of gasoline with delivery at the Hamina terminal , Finland , was signed with Neste Oil OYj at the average Platts index for this September plus eight US dollars per month .",positive,neutral,positive
143,Aspo has also investigated the sales opportunities of Kaukomarkkinat 's electronics business .,neutral,neutral,positive
1981,"Incap Corporation Stock Exchange Announcement 29 April 2010 at 1 p.m. INVITATION TO A NEWS CONFERENCE ON INCAP 'S INTERIM REPORT Q1-2010 Incap will publish its interim report for January-March 2010 on Wednesday , 5 May 2010 .",neutral,neutral,neutral
3105,"Customers wave cards in front of the reader to make payments , similar to `` touch and go '' cards used in transport systems .",neutral,neutral,neutral
5777,"Net sales rose by 25.5 % year-on-year to EUR59 .6 m , as the number of chargers delivered went up by 41 % to 65.9 million pieces .",positive,positive,positive
1001,"Prior to the transaction , whose financial terms have not been disclosed , Alma Media owned 40 % of Kotikokki net .",neutral,neutral,neutral
2907,Storengy is the GDF SUEZ company that is dedicated to the underground storage of natural gas .,neutral,neutral,neutral
5535,Johnson Matthey raises prospect of investor payout,positive,negative,positive
542,BAE Systems's sales boosted by European Typhoon and currencies,positive,positive,positive
880,The ongoing project where Tekla Structures is being used is the Vashi Exhibition Centre being developed by Insteel Engineers Pvt Ltd-IIVRCL Infrastructures & Projects Ltd & CIDCO .,neutral,neutral,neutral
2299,The EUR 0.7 million non-recurring expenses have been recorded for the third quarter .,neutral,negative,neutral
149,Coke dividend - 3%. Google dividend - 0%. For passive income Coke takes it. $GOOG $KO https://t.co/QBsoWjxOST,neutral,positive,positive
3010,"Baltic Pearl CJSC , a subsidiary of Shanghai Foreign Joint Investment Company , is developing a project in St Petersburg , comprising about a million square meters of residential space , two hospitals and several schools and nurseries .",neutral,neutral,neutral
581,The company will enhance the GPRS capability in the existing 12 IDEA telecom service areas and add 10 more service areas to its network .,positive,neutral,positive
3900,Componenta will also offer a five-year subordinated loan for subscription by the public .,neutral,neutral,neutral
3099,AB InBev attacks SABMiller bid rebuffal,negative,positive,negative
44,"A portion , $ 12.5 million , will be recorded as part of its winnings in a prior patent dispute with Finnish phone maker Nokia Oyj .",positive,neutral,positive
2575,The earnings in the comparative period included a capital gain of EUR 8mn from the sale of OMX shares .,neutral,neutral,positive
4973,Alma Media expects its net sales to increase as forecast previously .,positive,positive,positive
4021,"The first four of the new shop-in-shops will be opened this spring : on Madison Avenue in New York as well as in Chicago , Los Angeles and San Francisco .",neutral,neutral,neutral
2204,Panostaja Oyj 's Board also decided at its organisational meeting held upon completion of the AGM to implement the AGM decision concerning Board member fees paid as shares in such a way that shares are transferred on a quarterly basis on the date following publication of the quarterly-annual report .,neutral,neutral,neutral
2516,The employee negotiations are to address measures needed to adjust the operations to the present production situation .,neutral,neutral,neutral
1231,"Outotec 's scope of delivery covers the engineering , supply of special equipment and services for a calcination plant with two circulating fluid bed calciners .",neutral,neutral,neutral
2694,"Handelsbanken ranked before Local Cooperative Banks and Aktia in customer loyalty this time too , however .",positive,neutral,neutral
89,"In September 2010 , the Finnish group agreed to buy Danish company Rose Poultry A-S for up to EUR23 .9 m in a combination of cash and stock .",positive,positive,positive
1405,"Finnish software company QPR Software Plc ( OMX Helsinki : QPR1V ) reported on Thursday ( 23 October ) an operating profit of EUR63 ,000 on net sales of EUR1 .5 m for the third quarter 2008 .",neutral,neutral,positive
37,"The item included restructuring costs of EUR1 .6 m , while a year earlier they were EUR13 .1 m. Diluted EPS stood at EUR0 .3 versus a loss per share of EUR 0.1 .",positive,negative,negative
5521,$NVDA sideways,neutral,neutral,positive
1013,Sales rose 10 pct to 566 mln eur on the back of strong volume and favourable currency effects .,positive,positive,positive
2354,Each share is entitled to one vote .,neutral,neutral,neutral
3070,"Altona stated that the private company of Altona chairman Kevin Maloney , Tulla Resources , would take up its entitlement in full .",neutral,positive,neutral
4226,The value of the confirmed aircraft orders totals EUR 2bn .,neutral,neutral,positive
3508,Gunneflo will be responsible of Oriola-KD 's Pharmaceutical Trade business in Sweden .,neutral,neutral,neutral
3594,Severn Trent share price rises as first half profit inches up as customer ...,positive,negative,positive
17,"According to L+ñnnen Tehtaat 's CEO Matti Karppinen , the company aims to deliver fish products to its customers a day earlier than it currently does .",neutral,positive,neutral
1105,Finnish silicon wafer technology company Okmetic Oyj OMX Helsinki : OKM1V said on Wednesday 17 September that it will invest EUR6m in its sensor wafer business during 2009 .,neutral,positive,positive
1941,$IDCC - $89 share total value of company after crunching #'s. The 4g technology is their diamond in the rough.,positive,neutral,positive
3705,The plant would use palm oil certified by the Roundtable on Sustainable Palm Oil ( RSPO ) .,neutral,neutral,neutral
3364,"According to Gallup Food and Farm Facts , beef consumption totaled 99mn kilos in Finland in 2007 .",neutral,neutral,neutral
105,"Fiskars is also engaged in the global supply of marine and energy equipment solutions and services through its associated company , Wartsila Corporation .",neutral,neutral,neutral
416,The dual-fuel engines of the vessel can operate on liquefied natural gas LNG with low emissions .,neutral,neutral,neutral
2906,$CYTX looks like an ascending channel on Finfiz http://stks.co/f26r4,positive,positive,neutral
3716,Sunrise Resources operates in Russian near-shore development markets through its wholly-owned Russian subsidiary and has 80 % of its personnel in Russia .,neutral,neutral,neutral
4976,$GOOG breakout very likely medium target $700+ http://stks.co/1Lpz http://chart.ly/lgb94rr,positive,positive,negative
3554,"The Costanza light , with an aluminum base and washable shade , comes in white , pistachio , orange , blue and red .",neutral,neutral,neutral
2267,The company website is www.ahlstrom.com .,neutral,neutral,neutral
1600,Finnish technology company Raute Corporation ( OMX Helsinki : RUTAV ) issued on Tuesday ( 23 September ) a profit warning for the financial year 2008 .,neutral,negative,negative
5656,`` Directors and shareholders alike should ask why these practices were allowed to continue . '',neutral,neutral,neutral
318,The corrected chapter is in its entirety below .,neutral,neutral,neutral
716,The extracted filtrates are very high in clarity while the dried filter cakes meet required transport moisture limits (TMLs)for their ore grades .,neutral,neutral,neutral
5169,"Apartments of YIT Home may be purchased in 5 regions of Russia , where YIT subsidiaries carry out their activities : Moscow and Moscow region , St. Petersburg , Ekaterinburg , Kazan and Rostov-on-Don .",neutral,neutral,neutral
3230,Mylan Appoints Ranjan Ray Chaudhuri as Global Commercial Lead for Mylan's Over ...,neutral,positive,positive
1677,"The Group 's revenue amounts to over EUR 80 million , about half of which is accounted for by exports .",neutral,neutral,neutral
5506,Cargo volume increased by approximately 5 % .,positive,positive,positive
208,HELSINKI ( AFX ) - Outokumpu said it has agreed to sell the Hitura nickel mine in Finland to Canadian group Belvedere Resources Ltd for 10 mln eur worth of Belvedere shares .,neutral,neutral,neutral
1871,"Konecranes Oyj KCR1V FH fell 5.5 percent to 20.51 euros , the biggest fall since June .",neutral,negative,negative
1585,Revenue grew 12 percent to (  x20ac ) 3.6 billion ( US$ 4.5 billion ) .,positive,positive,positive
4386,Pohjola will act as the manager of the issue and the bond will be listed on NASDAQ OMX Helsinki Ltd. .,neutral,neutral,neutral
1975,Boomerang Boats had net sales of EUR 4.1 mn and it made an operating profit of EUR 0.4 mn in 2006 .,neutral,neutral,positive
91,Tesco share price down as grocer faces SFO investigation outcome,negative,negative,negative
1242,Ruukki 's order book at the end of 2010 was 30 % up year-on-year and 10 % up quarter-on-quarter .,positive,positive,positive
3436,Kingfisher share price slides on cost to implement new strategy,negative,positive,positive
1547,Finnish Bore that is owned by the Rettig family has grown recently through the acquisition of smaller shipping companies .,positive,neutral,neutral
107,Finland 's dominating rail company VR is planning to set the infected passengers for long-distance trip in a separate carriage .,neutral,neutral,neutral
1542,FCC Chairman Kevin Martin said that fair play required extending the same deregulatory rules to the digital subscriber lines that telecom providers use for broadband networks .,neutral,positive,neutral
906,"In a release , the Company said that Vocollect T2 customers in North America can now take advantage of its Voice Directed Warehousing solution and increase warehouse efficiency and productivity gains at a discounted price .",positive,positive,positive
807,"@sharkbiotech If anyone is selling/shorting $AGN b/c you believe $ENDP rumors to be realistic, then I'll take the other side of that trade",positive,neutral,positive
1664,Finnair was able to operate most of its leisure flights despite the strike .,positive,neutral,neutral
5815,The acquisition of Boomeranger Boats Oy is in line with the Done Solutions strategy of developing its business through company acquisitions .,positive,neutral,positive
1784,"The order includes a steel frame , load-bearing roof structures and partition wall elements , and Rautaruukki said it expects to complete installation as early as May next year .",neutral,neutral,neutral
4837,This organization will assume the responsibility for operations in Russia .,neutral,neutral,neutral
1062,RBI surprises Street; Sensex pares gains after hitting mount 30k,negative,negative,negative
4057,Multi Top on $MCD chart finally leads to a fall in price.  Stability is questioned in the stock but coming weeks will tell.,negative,negative,negative
4440,"$STX long play, another consistent profit zone.. check it out https://t.co/DQfuzOzYlh https://t.co/ggne4ayzqn",positive,positive,positive
2102,"Philip Morris, BAT Sue Over Law Taking Branding Off Packs",negative,negative,negative
4914,"Both operating profit and net sales for the six-month period increased , respectively , from EUR13 .8 m and EUR143 .6 m , as compared to the corresponding period in 2007 .",positive,positive,positive
1137,"After the takeover , Cramo will become the second largest rental services provider in the Latvian market .",positive,positive,neutral
4590,"In Finland 's Hobby Hall 's sales decreased by 10 % , and international sales fell by 19 % .",neutral,negative,negative
3640,Pertti Ervi is independent from the Company and its major shareholders .,neutral,neutral,neutral
1647,"The floor area of the Yliopistonrinne project will be 7,900 sq m 85,030 sq ft and the building 's gross area will total 12,800 sq m. A total 25.1 % of the facilities have been let .",neutral,neutral,neutral
5408,"Foundries division reports its sales increased by 9.7 % to EUR 63.1 mn from EUR 57.5 mn in the corresponding period in 2006 , and sales of the Machine Shop division increased by 16.4 % to EUR 41.2 mn from EUR 35.4 mn in the corresponding period in 2006 .",positive,positive,positive
550,$AAPL Dips being bought up real quick. Higher lows fo sho,positive,positive,positive
4280,Both sources said Nokia would unveil its new phone code-named `` Tube '' on Oct. 2 at an analyst and media event in London .,neutral,neutral,neutral
973,` Very recommendable ' is the Nokian Z G2 according to the ` ADAC judgement ' in the latest summer tyre test of the German automobile association ADAC .,positive,neutral,positive
1381,Marketing will use Tikkurila 's existing infra structure and local knowledge in Russia .,neutral,neutral,neutral
359,"The company had earlier said that it was considering different strategic options for the struggling low-cost mobile operator , including a divestment of its holding .",neutral,neutral,neutral
5120,Operating profit excluding restructuring costs grew to EUR 44.5 million from EUR 31.7 million while operating profit including restructuring costs showed even larger growth to EUR 38.5 million from EUR 7.4 million .,positive,positive,positive
1037,Net loss in the same period in 2009 was euro18 .6 million .,neutral,positive,neutral
556,Why Alphabet Inc was just upgraded to buy https://t.co/dEVnLKhqtZ $GOOGL,positive,positive,positive
1841,Finnish Rautaruukki is selling its precision tube and automotive component processing unit Carl Froh in Germany to German Arques Industries .,neutral,neutral,neutral
5387,"HKScan , headquartered in Turku , Finland , is a leading northern European food group with 10,000 employees in nine countries .",neutral,neutral,neutral
4071,"Cargotec 's sales totalled EUR 3.4 billion in 2008 and it employs approximately 11,000 people .",neutral,neutral,neutral
2365,The issue came up in connection with discussion with local municipalities concerning the sale of water to industrial facilities .,neutral,neutral,neutral
1485,"`` Because we 're a pension insurance company , we 're required to diversify and not put too much in one asset class .",neutral,neutral,neutral
3732,Net cash flow from operations is expected to remain positive .,positive,positive,positive
719,"The disposal of Autotank will also strengthen Aspo 's capital structure , '' commented Gustav Nyberg , CEO of Aspo .",positive,neutral,positive
3163,Finnish sports equipment company Amer Sports said it has decided to lay off 370 workers from its Salomon division in France .,negative,positive,neutral
1780,The value of the order is about EUR 30mn .,neutral,neutral,neutral
887,"The engine has an electrical output of 18,321 kW , making it the largest gas powered generating set in the world .",neutral,neutral,neutral
4871,Why AstraZeneca plc & Dixons Carphone PLC Are Red-Hot Growth Stars!,positive,positive,positive
5424,"The add-on order contains , among others , control valves and instrumentation as well as complete mill engineering and electrification with Metso drive controls .",neutral,neutral,neutral
3496,Finnish messaging solutions developer Tecnomen Corporation ( OMX Helsinki : TEM1V ) said on Thursday ( 11 December ) that it has received an expansion order for its Convergent Charging solution in Latin America .,positive,positive,positive
1798,"The markets are almost completely controlled by three banks : Nordea , OP Bank Group , and Sampo .",neutral,neutral,neutral
5742,The expansion will be delivered in the fourth quarter of 2006 .,neutral,neutral,positive
3960,"HELSINKI (Thomson Financial)- Kemira GrowHow swung into profit in its first quarter earnings on improved sales , especially in its fertilizer business in Europe , which is normally stronger during the first quarter .",positive,positive,positive
4497,Finnish glass technology group Glaston Corporation ( OMX Helsinki : GLA1V ) reported on Thursday ( 14 August ) an operating profit of EUR6 .5 m on net sales of EUR201 .5 m for the period January-September 2008 .,neutral,neutral,positive
4361,The enterprise value of Maritim Food AS has been determined as approximately EUR15m .,neutral,neutral,neutral
1274,"Body The credit falls due February 24 , 2014 .",neutral,neutral,neutral
2954,The contract includes heating plant equipment and associated installation work .,neutral,neutral,neutral
171,The solution will now be expanded to include all ground staff tasks .,neutral,neutral,neutral
2366,The growth of net sales in the first half of 2008 has been 28 % compared with the first half of 2007 .,positive,negative,positive
4660,OP-Pohjola Group 's capital adequacy ratio under the Act on Credit Institutions stood at 12.1 % and Tier 1 ratio at 12.1 % .,neutral,neutral,neutral
3583,"The OMX Helsinki 25 ended 0.47 pct lower at 3,150.55 and the OMX Helsinki was down 0.21 pct at 10,736.42 on 1.523 bln eur turnover .",neutral,negative,negative
3835,"Lemminkainen Infra Oy 's subsidiary Lemminkainen Sverige AB will perform the construction work , which is expected to start in early 2011 and to be completed in the summer of 2013 .",neutral,neutral,neutral
1402,"Finnish financial software solutions developer BasWare Oyj said its net profit fell to 884,000 euro ( $ 1.2 mln ) for the first quarter of 2007 from 2.0 mln euro ( $ 2.7 mln ) a year earlier .",neutral,negative,negative
583,"The sale will result in a capital loss of EUR5m for Solidium , which obtained Tikkurila shares in March 2010 .",neutral,neutral,neutral
5818,$CERN - consolidating above 50 & 200 MA - nice long entry here w stop below 10 MA - targeting $70 area,positive,positive,positive
2602,"The agreement was signed with Biohit Healthcare Ltd , the UK-based subsidiary of Biohit Oyj , a Finnish public company which develops , manufactures and markets liquid handling products and diagnostic test systems .",positive,neutral,positive
2015,"Previously , EB delivered a custom solution for LG Electronics and now is making it commercially available for other mobile terminal vendors as well as to wireless operators .",positive,neutral,neutral
2788,"So far , Mr. Galvan he has been able to avoid laying off workers .",positive,negative,negative
2300,"Sales in local currencies decreased by 0.5 percent while the number of subscribers rose by 12.7 million to a total of 147.6 million at the end of fourth quarter , the company said .",neutral,neutral,negative
5300,I see a 20 percent upside in $FB shares from here,positive,positive,positive
754,Odell has not contacted the State of Finland in this issue .,neutral,neutral,neutral
2493,Airbus has 100 firm orders for the A350 and 89 nonbinding commitments .,positive,positive,neutral
1355,The company said it observed a current stabilisation in prices and there is potential for higher prices for deliveries in the first quarter of 2011 .,positive,neutral,positive
2421,"M-real , which is part of Finnish paper maker Metsaliitto Group , is due to release its second-quarter report at around 12:00 EET on 5 August 2010 .",neutral,neutral,neutral
4358,"The largest construction company in Finland , YIT Corporation , is to acquire 70 % of the shares in the Slovak construction company Reding Bratislava .",neutral,neutral,neutral
4317,Shuweihat 2 got under way in July 2008 when the project was awarded to desalination and power contractors .,neutral,neutral,neutral
3173,The site will cover over six hectares .,neutral,neutral,neutral
5270,VNH generates annual net sales of about 5 mln eur and employs 21 people .,neutral,neutral,neutral
4360,"Sukhraj Dulai , of the 2900 block of Boni Sue Court , a cul-de-sac on the city 's north side , started the vehicle and went inside his house about 8 a.m. Tuesday , leaving the garage door open .",neutral,neutral,neutral
2776,"However , the orders received during the period under review fell by 17 % quarter-on-quarter from the EUR 213 million recorded in the second quarter of 2010 .",neutral,positive,negative
5311,"Besides we have increased the share of meat in various sausages and are offering a number of new tastes in the grill products and shish kebabs segment , '' Paavel said .",positive,neutral,positive
234,"The group 's operating loss was EUR 0.8 mn , down from a profit of EUR 2.5 mn in 2004 .",neutral,negative,negative
4541,The talks are aimed at restructuring operations and cutting costs .,positive,neutral,neutral
520,Their offering also covers localisation services related to production transfer to the Finnish company 's customers that already have production in Asian market or have made the decision to transfer production there .,neutral,neutral,neutral
1294,The expanded plant is scheduled to be operational by the middle of October 2009 .,neutral,neutral,neutral
2346,$TSLA announces a recall and the stock doesn't sell off. This stock is teflon. Won't last forever.,positive,negative,negative
2247,"Oil majors like Royal Dutch Shell, Chevron, BP fail to find reserves to counter ...",negative,negative,negative
30,"Stockmann and Swedish sector company AB Lindex entered into an agreement on September 30 , 2007 , whereby Stockmann , or a wholly-owned subsidiary of it , will make a public tender offer for all of Lindex 's issued shares .",positive,neutral,neutral
2376,"In the next few years , the ICT sector 's share of electricity consumption will be raised by the increase in the popularity of smartphones .",neutral,neutral,positive
1319,"Both operating profit and turnover for the six-month period increased , respectively , from EUR17 .6 m and EUR1149 .9 m , as compared to the corresponding period in 2007 .",positive,positive,positive
2027,"Pioneer Library System was one of 127 libraries , municipalities , arts , culture and higher education and science organizations to have been awarded grants to participate in The Big Read , the largest federal reading program in U.S. history .",positive,neutral,neutral
5162,The deal is in line with Etteplan 's strategy to operate as a partner of global customers and provide industrial technology design services .,neutral,neutral,positive
3270,"Went long on this $COG, will see 70's again me thinks",positive,positive,positive
3418,"Earnings per share ( EPS ) amounted to EUR1 .37 , down from EUR2 .30 .",negative,negative,neutral
186,"In the building and home improvement trade , sales decreased by 22.5 % to EUR 201.4 mn .",negative,negative,negative
2476,"Estonian telecoms company Elisa 's customer numbers cross 400,000 TALLINN , Oct 22 , BNS - The Estonian telecommunications company Elisa won approximately 50,000 new clients in the nine months of this year , bringing the number to 401,800 by the end of September , the company said .",positive,neutral,positive
4725,Rimi supermarket is the key customer in Magistral center .,neutral,neutral,neutral
1567,"Argentine agricultural export company Calafate has tapped compatriot firm Finnegans for a software solution , the latter company said in a statement .",neutral,positive,positive
5640,Viking Line head Jan Kaarstroem told TT that his company 's ferries were well equipped to handle ice and that all the passengers were safe .,positive,neutral,negative
5001,"The company 's goal is to achieve annual savings of EUR 2 million ( USD 2.7 m ) , of which two thirds are to be realized in 2010 .",positive,neutral,positive
2083,"With the launch of new 3G handsets , Nokia aims to become the winner in China 's 3G market as it did in the 2G market .",positive,positive,positive
3767,The report will be emailed within 2 business days of an order .,neutral,neutral,neutral
2499,"`` After a long , unprofitable period the Food Division posted a profitable result , which speaks of a healthier cost structure and a new approach in business operations , '' Rihko said .",positive,positive,positive
424,"The company , which has EUR2 .8 bn in assets , counts among its five largest shareholders Finnish insurers Ilmarinen 4.34 % and Varma 0.70 % , as well as the Finnish state pension fund VER 0.61 % .",neutral,neutral,neutral
3691,"STORA ENSO , NORSKE SKOG , M-REAL , UPM-KYMMENE Credit Suisse First Boston ( CFSB ) raised the fair value for shares in four of the largest Nordic forestry groups .",positive,neutral,positive
3737,$SPY extreme win today - 2 cents above 2009  low on 10-year and $SPY up 2 percent - life is a bowl of cherries - great short setting up $$,negative,positive,negative
113,"LIGHTS OUT Before curfew , curl up with the latest bestseller and treat your eyes to the perfect reading light from Luceplan .",neutral,positive,negative
421,The cranes would be installed onboard two freighters ordered by Singaporean ship owner Masterbulk .,neutral,neutral,neutral
1734,"We aim to ensure that Vacon is in good shape when capital expenditure starts to pick up again , '' comments Vacon Plc President and CEO Vesa Laisi .",positive,positive,positive
1435,1 February 2011 - Finnish textile and clothing company Marimekko Oyj HEL : MMO1V said today its preliminary operating profit grew to EUR8 .2 m in 2010 from EUR6 .3 m in 2009 .,positive,positive,positive
3497,Operating profit improved by 39.9 % to EUR 18.0 mn from EUR12 .8 mn .,positive,positive,positive
4088,"`` BasWare 's product sales grew strongly in the financial period , by 24 percent .",positive,positive,positive
5399,His resignation will take effect immediately .,neutral,neutral,neutral
2756,"The original name Componenta +àm+Ñl , as a subsidiary of the Finnish Componenta Group , has been changed to +àm+Ñl Components and the company has seen a 63 % growth in Q1 2010 , in comparison to Q1 2009 .",positive,neutral,neutral
2637,4 ) Complete name of the shareholder : Otto Henrik Bernhard Nyberg 5 ) Further information : The amount of shares now transferred corresponds to 5.68 % of the total number of shares in Aspo Plc. .,neutral,neutral,neutral
4475,A quick `` one-stop-shop '' to understand the company .,neutral,neutral,neutral
2207,"On 25 August 2009 , Sampo 's stake in Nordea was 19.45 % .",neutral,neutral,positive
5589,"`` This transaction supports Huhtamaki 's strategic review of rigid plastic consumer goods operations '' , says Huhtam+ñki Oyj 's CEO Jukka Moisio .",neutral,positive,positive
613,Incap Contract Manufacturing Services Private Limited has inked agreements with six new customers in India .,positive,neutral,neutral
982,"Finnish plumbing and heating systems supplier Uponor 's net sales from continuing operations decreased by 9.4 % in 2008 to EUR 949.2 mn from EUR 1,047.4 mn in 2007 .",neutral,negative,negative
5830,"Swedish , Finnish and Danish listed companies are organized in three market cap segments , Nordic Large Cap , Mid Cap and Small Cap .",neutral,neutral,neutral
3681,$SPY Could the pride of social media be gettin ready to fall?  $FB - chart rolling over?,negative,negative,negative
4004,Finnish operator Elisa and Aker Yards have signed a long-term service deal through which Elisa will deliver all necessary voice and data services for Aker Yards in Finland .,positive,positive,positive
4035,"The company is now intensifying its smelter operations and increasing its annual production capacity to 230,000 tonnes of copper .",positive,neutral,positive
4081,The recent troubles simply make NETeller cheaper .,neutral,neutral,negative
3870,$renn topping tail 5 min. chart at 7.31 short from here.,negative,negative,positive
4036,"Nurminen Logistics provides high-quality logistics services , such as railway transports , terminal services , forwarding , special and heavy transports and medical transports .",neutral,neutral,positive
5222,"After completion of the acquisition , Poyry 's oil and gas expertise will cover multi-discipline engineering and consulting services across the complete oil and gas asset lifecycle , including deepwater engineering services .",neutral,neutral,neutral
3722,`` The new unit is a major investment in the Finnish media scene .,neutral,neutral,neutral
3469,Its other well-known brands include fitness equipment maker Precor and U.S. - based ball sports equipment maker Wilson .,neutral,neutral,neutral
468,"Are ARM Holdings plc, Domino's Pizza Group plc and ASOS plc 3 must-have growth stocks?",neutral,positive,positive
3113,"A total EUR73 .7 m will be provided as secured senior three-year debt from the syndicate , involving Pohjola Bank HEL : POH1S , the Finnish arm of Nordea Bank AB STO : NDA , and Sampo Bank HEL : SAMAS .",neutral,neutral,neutral
4851,"LCS 's services cover the whole life cycle of software and information systems , from process modelling and tailored software development , to hosting services , solution management , maintenance and support .",neutral,neutral,neutral
4154,Teleste and Sentry 360 have formed an integration partnership between Sentry s advanced 360-degree immersive camera product line and Teleste s enterprise video management systems .,positive,neutral,neutral
4203,Operating profit fell to EUR 23.26 mn from EUR 32.86 mn .,negative,negative,negative
3654,A CUT ABOVE Bring the outdoors in with these birch-branch coasters .,neutral,neutral,neutral
2226,More than a third of the original participants dropped out due to nausea and other side effects .,negative,neutral,negative
805,"The maximum amount of the capital loan will be EUR30m and the minimum subscription -- EUR10 ,000 .",neutral,neutral,neutral
4177,Nokia Messaging 1.1 enables customers to receive e-mails from up to 10 e-mail accounts on their mobile phone supporting all POP or IMAP e-mail services .,neutral,positive,neutral
3136,"`` Overall , we 're pleased with the startup curve ... and we 're pleased with the quality of the paper , '' Stora spokeswoman Patricia Dietz said Tuesday .",positive,positive,positive
2185,"European shares plunge, roiled by BHP and oil; hopes turn to ECB",negative,negative,negative
1301,The Department Store Division reported an increase in sales of 4 per cent .,positive,positive,positive
4799,Deutsche Bank Downgraded Starbucks Co. $SBUX https://t.co/QqlEvVwPMV https://t.co/f2PdQjuTHa,negative,negative,negative
4038,"Under the rental agreement , Stockmann was committed to invest in the building of a bridge over the Gogol Street or build an underground tunnel for crossing the street by 2004 .",neutral,neutral,neutral
1383,"Baird likes $TSLA - upgrades to outperform, lifts price target to $300. Research firm also sees no capital raise necessary in next few qtrs",positive,positive,positive
3702,Rolls-Royce to Ensure Compliance After Petrobras Bribery Report,neutral,positive,negative
99,"The liquidity providing was interrupted on May 11 , 2007 when Aspocomp Group Oyj 's shares traded below 0.50 cent ( Aspocomp 's stock exchange release 11.5.2007 ) .",neutral,neutral,negative
2029,Finnish department store group Stockmann is planning to acquire about EUR 141mn through a directed issue and a rights offering .,neutral,neutral,neutral
3880,GenVec is a biopharmaceutical company developing novel therapeutic drugs and vaccines .,neutral,neutral,neutral
4181,"EU drops Shell, BP, Statoil from ethanol benchmark investigation",positive,negative,negative
2136,"In the reporting period , EPS stood at EUR0 .07 versus EUR0 .11 .",neutral,positive,neutral
1095,"$SINA even though the ""report"" is untrue and has been proven unture, the damage is done. No one wants to touch it now",negative,neutral,negative
3822,Warren Buffett defends Berkshire Hathaway's conglomerate structure,positive,negative,neutral
4616,CompaniesMeggitt profits hit by weak energy and military markets,negative,negative,negative
4464,"Nordic banks have already had to write off sizable loans in Latvia , with Swedbank , Nordea , DnB NOR and SEB reporting combined losses in excess of $ 1.35 billion in the period 2007 to 2010 against a backdrop of near economic meltdown in Latvia .",negative,neutral,negative
3773,"The Tekla Structures product box , if needed , is now made from recycled material .",neutral,neutral,neutral
1156,"Qualcomm estimated a first-quarter profit between 46 and 50 cents a share , excluding certain items , below the analyst estimate of 61 cents a share .",neutral,negative,positive
2335,The new policy was also aimed at making the companies more profitable and competitive .,positive,positive,positive
5618,"In the third quarter of 2010 , net sales increased by 5.2 % to EUR 205.5 mn , and operating profit by 34.9 % to EUR 23.5 mn .",positive,positive,positive
4844,The company 's board of directors will propose a dividend of EUR 0.14 for 2008 at the annual general meeting .,neutral,neutral,neutral
5488,The estimated annual value of the frame agreement is about EUR 50mn .,neutral,neutral,neutral
3543,The acquisition will considerably increase Kemira 's sales and market position in the Russian metal industry coatings market .,positive,positive,positive
5142,The reductions will be concluded by autumn 2010 .,neutral,neutral,negative
1072,This corrensponds to 4.628 percent of Okmetic 's share capital and voting rights .,neutral,neutral,neutral
1633,The proposed consolidation activities will impact approximately 30 positions .,neutral,neutral,neutral
3026,"GUANGDONG , October 26 , SinoCast -- Nokia Telecommunications Dongguan branch entered into a letter of intent to open a Nokia Class in Qingyuan Polytechnic , Qingyuan City of Guangdong Province .",neutral,neutral,neutral
4197,"Sampo Housing Loan Bank , a unit of Finland 's Sampo Bank , has priced its EUR1bn ( USD1 .3 bn ) bond at 99.889 % , Reuters reported .",neutral,neutral,neutral
4266,"Tesco set to sell Kipa, Giraffe businesses - Sky News",negative,neutral,neutral
1316,Aspocomp has a large factory in China and a factory building project in India that was halted due to financing problems .,neutral,positive,neutral
3987,"ALEXANDRIA , Va. , Oct. 23 -- Hans-Otto Scheck of Espoo , Finland , has developed a method of identifying remote radio units in a communication system .",neutral,neutral,neutral
1540,"Operating income was EUR -24.9 mn , including EUR 15.3 mn of restructuring expenses .",neutral,neutral,neutral
2164,"The facility will have a lettable area of some 19,000 sq m. The plot for the plant , located in the Ratasmaki business park , will be purchased from the City of Forssa .",neutral,neutral,neutral
2978,Barclays poised to replace Sir Mike Rake as he heads for exit,neutral,positive,positive
1605,$AAPL Goldman Sachs reiterates conviction buy on Apple with a $155 PT $SPY $DJIA $GS https://t.co/h5hmXSITwM,positive,positive,negative
4998,"Kalnapilio-Tauro Grupe ( Kalnapilis-Tauras Group ) , which is owned by Denmark 's Royal Unibrew , raised its market share to 25.2 percent from 23.91 percent , as beer sales for the nine months jumped by 11.4 percent to 52.99 million liters .",positive,positive,positive
236,The combined company had pro-forma net sales of 140 mln euro $ 188.9 mln and an operating profit of 13 mln euro $ 17.5 mln for 2006 .,neutral,neutral,positive
1689,"As a result of the merger , the largest professional electronics and telecommunications technology contract manufacturing center in Finland will be formed in Sievi .",neutral,neutral,neutral
4232,Rapala VMC Corporation ( Rapala ) is a Finland-based company engaged in the manufacture and distribution of fishing equipment and accessories .,neutral,neutral,neutral
3019,"Irish Said Chasing Standard Chartered, RBS as Brexit Vote Nears",positive,negative,negative
3125,"The shopping center to be opened in St. Petersburg , Russia in November 2010 will turn the cash flow of Finnish department store chain Stockmann 's Russian operations positive for the first time in 2011 .",positive,neutral,negative
5109,"In 2007 , Huhtamaki will continue to invest in organic growth .",neutral,positive,positive
4185,The aim is to achieve EUR 2.5 mn yearly savings .,positive,positive,positive
907,Niklas Skogster has been employed by the ABB Group in various positions concerning the development of operations .,neutral,neutral,neutral
1190,"The inventors are Bylander Johan , Ponten Fredrik and Lundberg Jorgen .",neutral,neutral,neutral
3415,The groups 's turnover for the full fiscal year is expected to show a slight increase from the previous fiscal year .,positive,positive,positive
1944,"Of the sales price , a sales gain of some 3.1 mln euro ( $ 4.5 mln ) will be recognized in Incap 's earnings for 2007 .",positive,neutral,positive
3598,Production is scheduled to start by the end of April 2007 .,neutral,neutral,neutral
2721,The phones are targeted at first time users in growth markets .,neutral,neutral,neutral
2274,Small investors have voiced fears that the shares will end up with risk investors .,neutral,positive,negative
4468,"Operating result , excluding one-off items , totaled EUR 9.1 mn compared to EUR 10.6 mn in continuing operations , excluding one-off items in 2004 .",negative,negative,positive
3301,"Following the issue , the number of shares in the Swedish company will grow by 9 % .",neutral,neutral,neutral
1629,"`` This vessel order will help Aspo secure the long-term competitiveness of its fleet , both in terms of technology and pricing .",positive,positive,positive
680,"The one dark spot on the horizon , however , was the company 's performance in the Finnish bottled water market .",neutral,neutral,neutral
5049,"Profit after taxes for the period was up to EUR0 .9 m , from EUR0 .01 m last year .",positive,positive,positive
549,"@HopeTurock yes, the expectations of a deal are somewhat priced in but we could see a nice pop if bids come in higher than expected... $YHOO",positive,positive,positive
1668,Operating profit fell from EUR 7.9 mn in the second quarter of 2005 to EUR 5.1 mn in the second quarter of 2006 .,negative,positive,negative
3100,"efficiency improvement measures 20 January 2010 - Finnish stationery and gift retailer Tiimari HEL : TII1V said today that it will continue to improve its operational efficiency , by focusing on its profitable core operations .",positive,positive,positive
1695,Net profit in the same period in 2006 was 36.6 million euros .,neutral,positive,neutral
2059,"CapMan 's first real estate fund , which had a total investment capacity of ( EURO ) 500 million and closed in June 2005 , invested in commercial properties in the Helsinki metropolitan area .",neutral,neutral,neutral
1083,Earnings per share EPS amounted to EUR0 .01 .,neutral,neutral,neutral
2793,"F-Secure Internet Security 2010 is a security service for surfing the web , online banking and shopping , e-mail , and other online activities .",neutral,neutral,neutral
3596,"Aldata Solution Oyj Thomas Hoyer CFO More information : Aldata Solution Oyj , Thomas Hoyer , CFO , tel. +358 45 670 0491 Aldata in brief Aldata Solution is one of the global leaders in supply chain software for retail , wholesale and logistics companies .",neutral,neutral,neutral
769,"FTSE rallies off three-month low, boosted by StanChart, Sainsbury",positive,negative,negative
4751,No blind-spots coming from 1 vantage point allows investigators to see the whole story in high resolution with no unbroken video .,neutral,neutral,neutral
2361,"ADP News - Nov 6 , 2008 - Finnish retail software developer Aldata Solution Oyj OMX : ALD1V said today that it swung to a net profit of EUR 2.1 million USD 2.7 m for the first nine months of 2008 versus a net loss of EU",positive,positive,positive
5557,"The Nokian tyre proves its high safety excellently in the important driving qualities stability with mark 1.4 , handling 1.5 and braking on wet road with 1.9 .",positive,positive,positive
5722,Operating profit rose to EUR 27.8 mn from EUR 17.5 mn in 2008 .,positive,positive,positive
1465,"Frost sold shares for $ 19 million at $ 6.06-7 .12 per share , compared with Friday 's high of $ 11.33 and low of $ 10.14 .",neutral,neutral,negative
1286,"The order comprises all production lines for a plywood mill , company said in a statement received by Lesprom Network .",neutral,neutral,neutral
2656,"In 2007 , the Group 's net sales stood at EUR 42 million and it had about 1,445 employees .",neutral,neutral,neutral
1932,"`` Uncommonly weak snow conditions in nearly every market have affected our first quarter result , '' Chief Executive Roger Talermo said .",negative,negative,negative
5497,"Today , we are connecting people in new and different ways - fusing advanced mobile technology with personalized services to enable people to stay close to what matters to them .",neutral,positive,positive
5283,"`` We have a license agreement with Nokia Corp. which in part expires on April 9 , 2007 .",neutral,positive,neutral
1728,Incap Furniture is presently negotiating staff cuts .,neutral,neutral,neutral
3908,Net investment income,neutral,positive,neutral
3679,"Mobile phone shipments jumped 26 percent to almost 112 million units , while Finnish company 's global market share rose to 39 percent from 36 percent .",positive,positive,positive
2025,AB InBev offers SABMiller $3 billion breakup fee,positive,positive,positive
5681,"Finnish Suominen Corporation that specialises in wet wipes , nonwovens , and flexible packaging reports net sales of EUR 44.1 mn in the second quarter of 2010 , up from EUR 43.3 mn in the second quarter of 2009 .",positive,positive,neutral
592,Sponda plans to renovate old real estate and develop new property .,neutral,positive,neutral
620,The company negotiated an amendment to the financial covenants of the present credit agreements in regard to the situation on 30 September 2010 .,neutral,neutral,neutral
1277,"As a result , the company has decided it will implement fixed-term temporary lay-offs .",neutral,negative,neutral
5802,"Reuters: Green Mountain revenue misses, shares plunge http://stks.co/13mW > $GMCR prints 43.80, market in a foul mood, bad day to disappoint",negative,positive,negative
1063,"( ADP News ) - Sep 30 , 2008 - Finnish security and privacy software solutions developer Stonesoft Oyj said today that it won a USD 1.9 million ( EUR 1.3 m ) order to deliver its StoneGate network security products to an unnamed Russian te",positive,positive,positive
4298,Comptel Corporation will publish its financial statements for 2008 on 12 February 2009 .,neutral,neutral,neutral
4418,The offer represents a premium of 24 % over the stock 's closing price on Friday .,positive,neutral,neutral
5514,The turbines are expected to be launched by the end of 2012 .,neutral,neutral,neutral
5177,New product launches in Finland will more than double from 2005 .,positive,positive,positive
2097,"In addition to supplying a new headbox and a modern sizing and coating unit , Vaahto Group will provide erection supervision , training and start-up services .",neutral,positive,neutral
3266,"UPDATE 1-SABMiller 2nd-quarter underlying sales rise, forex impacts margins",neutral,positive,positive
426,@chessNwine: $IWM 30-Minute Chart. Small caps threatening descending triangle breakdown under $110.20.  http://stks.co/r0KKm,negative,positive,negative
125,The operating margin of Aker Yards Cruise & Ferries division went down from 8.3 % to 6.4 % in the first quarter of 2007 .,negative,neutral,negative
1969,"Cablevision Systems Corp. CVC Their Madison Square Garden division owns and operates the New York Knickerbockers basketball team ; they also own the Madison Square Garden Arena , the New York Rangers hockey team , the New York Liberty women 's basketball team , and the Hartford Wolf Pack hockey team .",neutral,neutral,neutral
1098,CompaniesTesco off to a bad start over Xmas â€“ Kantar,negative,negative,negative
3921,This combined with foreign investments creates interesting opportunities for Solteq .,positive,positive,positive
831,The measures result from weak demand in the shipbuilding industry .,negative,positive,negative
2324,"The competition was received with great enthusiasm by the employees , he goes on .",positive,neutral,positive
2832,"When dialing in , the participants should quote 877417 as conference ID .",neutral,neutral,neutral
3967,$GPS Gap September Comparable Store Sales -4%,negative,negative,negative
5140,The rationalization of the operations seeks to achieve over EUR 1 million in yearly savings as from the second quarter of the current financial year .,positive,neutral,positive
5457,"narrows to EUR2 .8 m 9-mo '09 29 October 2009 - Finnish software and hardware developer Elektrobit Oyj HEL : EBG1V , or EB , said today that its net loss narrowed to EUR2 .8 m for the first nine months of 2009 from EUR35 .6 m for the same period a year ago .",positive,positive,negative
4216,"Fortum needs a clear signal of commitment from the Government that the permit is available before the company will start the next round , Kuula says .",neutral,neutral,neutral
1376,"FDA approves NPS drug, in move validating Shire takeover deal",positive,positive,positive
2588,"Together with Latvia , Cramo will operate 54 rental outlets in the Baltic States .",neutral,neutral,neutral
2273,"The Stena Poseidon is a so-called Panamax tanker , designed to be able to pass through the narrow passages in the Panama Canal 's locks .",neutral,neutral,neutral
4915,Tesco share price closes higher as two more directors leave grocer,positive,negative,negative
5380,"Also , it is bringing in `` the right kind of people '' to upgrade its human resources .",positive,neutral,neutral
951,EPS dropped to EUR0 .2 from EUR0 .3 .,negative,positive,negative
4910,"The financial impact is estimated to be some 1.5 MEUR annual improvement in the division 's result , starting from fiscal year 2007 .",positive,positive,positive
1839,Her present position is the director of Stockmann 's international department stores .,neutral,neutral,neutral
3306,"Profit per share was EUR 1.03 , up from EUR 0.87 .",positive,positive,positive
4717,"Honkarakenne also decided yesterday to sell 88,500 of its B-series shares to key staff members for EUR 2.90 per share .",neutral,neutral,positive
3206,"According to business media reports , Usmanov planned to transfer his MegaFon stake to the state-controlled Svyazinvest , in exchange for a stake in the merged RosTelecom .",neutral,neutral,neutral
2534,"The Vaisala Group is a successful international technology company that develops , manufactures and markets electronic measurement systems and products .",positive,neutral,neutral
0,"The GeoSolutions technology will leverage Benefon 's GPS solutions by providing Location Based Search Technology , a Communities Platform , location relevant multimedia content and a new and powerful commercial model .",positive,neutral,neutral
2737,Marimekko is considering further measures in the matter .,neutral,neutral,neutral
5165,"The divested company is part of TietoEnator 's business area Government , Manufacturing & Retail .",neutral,neutral,neutral
4596,"The major breweries increased their domestic beer sales by 4.5 per cent last year , to 256.88 million litres from 245.92 million litres in 2004 .",positive,positive,positive
883,Its total annual revenue comes up to about 160 mln zloty ( $ 56.9 mln-42 .3 mln euro ) .,neutral,positive,positive
3808,"The expanded agreement covers the sale , marketing and distribution of Benefon 's navigation and locator devices in China .",neutral,neutral,positive
3760,The real estate company posted a net loss of +ó  x201a -¼ 59.3 million +ó  x201a -¼ 0.21 per share compared with a net profit of +ó  x201a -¼ 31 million +ó  x201a -¼ 0.11 per share for the corresponding quarter of 2007 .,neutral,neutral,negative
5195,"It expects revenue between $ 8.4 billion and $ 8.7 billion , compared to analyst estimates of $ 8.67 billion .",neutral,positive,neutral
5213,$TSLA yeah lets go down to 230s lol,negative,negative,negative
4695,Aspo 's Group structure and business operations are continually developed without any predefined schedules .,neutral,neutral,neutral
1678,"So far Norwegian Norske Skog has reduced the staff levels by 1,000 people and plans to reduce production by 200,000 tons in 2008 , while Finnish-Swedish Stora Enso is to cut staff by 1,700 people and production by 500,000 tons .",negative,neutral,negative
4062,BasWare Order Matching automatically matches purchase invoices with approved purchase orders .,neutral,positive,positive
4006,Strong growth has continued also in China .,positive,positive,positive
3746,10 February 2011 - Finnish media company Sanoma Oyj HEL : SAA1V said yesterday its 2010 net profit almost tripled to EUR297 .3 m from EUR107 .1 m for 2009 and announced a proposal for a raised payout .,positive,positive,positive
1218,You will hear the latest insights and updates on Citycon 's strategy as well as the latest news from all the business units .,neutral,neutral,positive
5659,"The business is organised , as of February 1 , 2011 , in a way that production of design services is combined into one entity , Etteplan Operations .",neutral,neutral,neutral
1191,"The inventors are Mukkavilli Krishna Kiran , Sabharwal Ashutosh and Aazhang Behnaam .",neutral,neutral,neutral
3312,"Finnish shipping company Finnlines , of the Grimaldi Group , reports its net sales decreased to EUR 241.8 mn in January-June 2009 from EUR 384.0 mn in the corresponding period in 2008 .",negative,negative,negative
2901,"Revenue in July to September grew 14 percent to ( EURO ) 467 million from a year earlier , the company said Thursday .",positive,positive,positive
201,"Antti Orkola , president of Kemira GrowHow 's Industrial Solutions unit , told Thomson Financial News the company has put off opening the mine as prices of phosphate have been ` quite depressed for a long time ' . '",neutral,neutral,negative
3320,"Previously , the company had guided for EBIT and sales growth of 20 pct and 10 pct respectively for this year .",positive,positive,positive
5368,"F-Secure , a developer of security solutions as a service through Internet Service Providers and mobile operators , announced results from its annual Online Wellbeing Survey .",neutral,neutral,positive
4409,"The study is expected to provide proof of pharmacodynamic activity in humans , corroborate the safety profile and establish dose ranges for further therapeutic studies .",neutral,neutral,neutral
3234,"As a part of the plan , the Board of Directors decided to transfer a maximum of 330,000 shares held by the company in a share issue against payment directed to Aspo Management Oy , a holding company acquired by the management .",neutral,neutral,neutral
2462,The company will release its 2010 results on 11 February 2011 .,neutral,neutral,neutral
691,"Furthermore , our fully electrically driven cranes are environmentally friendly .",positive,positive,positive
4477,Johnson Matthey profit falls but dividend rises,neutral,negative,negative
2733,The proposal of the shareholders to elect Mr. Hannu Krogerus to the Board is based on his long and unrivalled experience and knowledge of all matters related to Elcoteq .,neutral,neutral,neutral
1813,"After buying Eukor Car Carriers 50 percent stake , Grimaldi Group is now the sole owner of the Swedish roll-on , roll-off port of Wallhamn .",neutral,neutral,neutral
5303,Dixons Carphone profit boost on strong sales,positive,positive,positive
1460,All Amer Sports companies develop and manufacture technically advanced products that improve the performance of active sports participants .,neutral,positive,positive
485,"After the split , the company would have 26,885,540 Series A shares and 9,540,000 Series K shares .",neutral,neutral,neutral
5015,"Qualcomm: 10% Dividend Increase Rewards Patient Investors, The Future Looks Bright https://t.co/TJjVpqhHqD $QCOM",positive,positive,positive
1298,"$TSLA recalls 2,700 Model X cars. Stock dropping hard...",negative,negative,negative
5455,"Igor and Oleg Yankov , who currently manage Moron and Vitim , will hold onto the 25 % stake for now .",neutral,neutral,neutral
1195,Diluted EPS rose to EUR3 .68 from EUR0 .50 .,positive,positive,positive
2814,"On the basis of competitive bidding OOO Kitai Stroi , the Russian subsidiary of China State Construction Engineering Corporation , a construction company owned by China State , has been selected as the main constructor .",neutral,neutral,neutral
1323,"128,538 shares can still be subscribed for with Series E share options , max .",neutral,neutral,neutral
2985,$MTD (Mettler-Toledo) ready for a breakout,positive,positive,positive
1733,Satama earned Data Management Solutions competency with Business Intelligence specialization recentlyvia the acquisition of Fimentor Oy .,positive,neutral,neutral
2138,"Finnish shipping company Finnlines ' pretax loss totalled EUR 6.5 mn in the third quarter of 2009 , compared to a profit of EUR 0.3 mn in the third quarter of 2008 .",neutral,negative,negative
481,"GlaxoSmithKline targets growth across units, scraps ViiV IPO",positive,positive,positive
1017,"On preliminary estimate , the hotel will operate under the brand Novotel .",neutral,neutral,neutral
2524,"These sections will be put into place to form the load-bearing steel structure of the bridge , '' says Sami Eronen , Senior Vice President , Infrastructure and Northern Europe , Ruukki Construction .",neutral,neutral,neutral
2187,"During the rally , which was authorized by the city administration , a consulate official came out to the workers , spoke to them and took a letter from them .",neutral,neutral,neutral
2275,"The contract also includes installation work in a new multistorey carpark for close on 1,000 vehicles .",neutral,neutral,neutral
2393,The measures taken will cause one-time costs during the final part of 2006 .,neutral,neutral,neutral
3595,Name of Company in which holdings have been acquired : Citycon Oyj 2 .,neutral,neutral,neutral
1814,"Destia Oy is a Finnish infrastructure and construction service company building , maintaining and designing traffic routes , industrial and traffic environments , but also complete living environments .",neutral,neutral,neutral
999,Our tools are specifically designed with the needs of both the business users and ICT experts in mind .,neutral,neutral,neutral
2857,$SPY bull move ended waiting for next setup,negative,positive,negative
1234,$SPY  still wants higher I think.,positive,negative,positive
3231,Our superior customer centricity and expertise in digital services set us apart from our competitors .,positive,positive,neutral
2798,"Profitability ( EBIT % ) was 13.6 % , compared to 14.3 % in Q2 2009 .",neutral,positive,positive
4267,A PLUMBING business has announced it is sponsoring a professional darts player .,neutral,neutral,neutral
5570,"Last year , 8.3 million passengers flew the airline , down 4 percent from 2007 .",neutral,negative,negative
5366,"Operating profit totalled EUR 0.4 mn , up from an operating loss of EUR 0.8 mn year-on-year .",positive,positive,negative
1209,"Based in Helsinki , Finland , Ramirent has branches in 13 Nordic , central and Eastern European countries .",neutral,neutral,neutral
378,"Simmons Elected DCUC Chairman PORTSMOUTH , N.H.-Gordon A. Simmons , CEO of Service Credit Union , has been elected chairman of the Defense Credit Union Council for the 2007-2008 term .",neutral,neutral,neutral
2379,"Body ES Vostok also owns stakes in power sales companies MosenergosbytBody ( RTS : MSSB ) ( 50.9 % ) , Altaienergosbyt ( 100 % ) , Saratovenergo ( RTS : SARE ) Body ( 48.36 % ) and Tambov Power Sales Company ( RTS : TASB ) ( 49.01 % ) , all ofBodywhich it received from the distribution balance .",neutral,positive,neutral
1201,CompaniesAB InBev signals it won't go hostile for SABMiller,positive,positive,negative
3923,Operating profit rose from EUR 1.94 mn to EUR 2.45 mn .,positive,positive,positive
5353,"Paper company M-real calculated that if 100,000 biscuit cartons are made using a 25gsm lighter board , the CO2 saved over the course of 12 months would be equal to that generated by driving 1,000 km by car .",neutral,neutral,positive
5619,The second-quarter net sales are expected to be on par with the first quarter of 2009 .,neutral,positive,positive
1805,Risk exposure by Non-life Insurance  Moving 12-month  Expenses by function in Non-life Insurance excluding expenses for investment management and expenses for other services rendered Non-life Insurance investment portfolio by allocation,neutral,positive,neutral
2062,"The tanks will be delivered to a company which is currently building a chemical tank farm in Antwerp , northern Belgium .",neutral,neutral,neutral
2820,Closing of such transaction took place today .,neutral,neutral,negative
985,"The casing comprises a first side casing member provided with the first side vat segment and a second side casing member provided with the second side vat segment , at least the first side casing member being pivotable about a rotation axis .",neutral,neutral,neutral
2414,Sales of security and system packaging increased slightly .,positive,positive,positive
1755,The original patent was filed in Finland under application No. .,neutral,neutral,neutral
3212,"The end-to-end delivery combines the competencies and services from TietoEnators Telecom & Media , Processing & Network and Digital Innovations Business Areas .",neutral,neutral,neutral
4817,AstraZeneca sells Caprelsa rights to Sanofi unit,positive,positive,neutral
2576,$fb small long 109.25 via calls,positive,positive,positive
3226,"While the company did not indicate the level of investment in the unit , it said that has purchased the equipment of Nokia Corporation 's mobile phone R&D laboratory in Jyvaeskylae .",neutral,neutral,neutral
5745,"U.K. Stocks Resume Gains to Rally to Record; CRH, Tullow Climb",positive,positive,positive
5839,"According shipping company Viking Line , the EU decision will have a significant financial impact .",neutral,positive,positive
1467,Niam offer financial investors a high return via investments in funds that in turn invest in all types of properties .,neutral,positive,positive
3166,Finnish Aldata Solution has signed a contract of supply its G.O.L.D. system to two French retail chains .,positive,positive,neutral
3831,"The mall is part of the Baltic Pearl development project in the city of St Petersburg , where Baltic Pearl CJSC , a subsidiary of Shanghai Foreign Joint Investment Company , is developing homes for 35,000 people .",neutral,neutral,neutral
5407,"A In August 2007 , Latvijas Finieris ordered all production lines for a new green veneer mill to be built in Ukmerge , central Lithuania .",neutral,neutral,neutral
5042,"It also includes the installation of new equipment , training and start-up services , as well as service work of the shoe press delivered by Vaahto in 2001 .",neutral,neutral,neutral
4672,"Ahlstrom 's 5,800 employees serve customers via sales offices and production facilities in more than 20 countries on six continents .",neutral,neutral,neutral
3809,"Raute reported a loss per share of EUR0 .86 for the first half of 2009 , against EPS of EUR0 .74 in the corresponding period of 2008 .",negative,neutral,neutral
3838,$ocn has the stuff. Will be looking to add shares if we get a new high breakout.,positive,positive,positive
2730,"Via the takeover , Panostaja further expands its business area specialising in digital printing , which since previously consists of the subsidiaries Kopijyva Oy and Sokonet Oy .",positive,neutral,neutral
4862,The Kyroskoski investment is to be completed in late 2011 and the +ä+ñnekoski investment in the spring of 2012 .,neutral,neutral,positive
92,$aapl news is becoming very bullish again http://stks.co/tMU,positive,positive,positive
3096,$YHOO About to break out on the 5-min...,positive,positive,positive
1946,Mr Lee said he hoped that Neste 's move will ` pave the way for more collaboration projects between our two countries ' .,positive,neutral,positive
1682,"Really surprised by how much $FB has now fallen. Thought there'd be some support around the 50d, but I guess not.",negative,negative,negative
4782,"Finnish lifting equipment maker Konecranes Oyj said on July 30 , 2008 that its net profit rose to 71.2 mln euro ( $ 111.1 mln ) for the first half of 2008 from 57.1 mln euro ( $ 89.1 mln ) for the same period of 2007 .",positive,positive,positive
4792,GSK joins China trade push as UK trumpets healthcare deals,positive,positive,positive
2837,"France T+®l+®com spent more time studying TeliaSonera than other potential takeover targets because it has a shareholder that wants to sell , Pellissier said .",neutral,neutral,neutral
1931,Phew! So far good $BBRY did not break 10.40 coz I was told that is key support level.,positive,neutral,positive
4936,"The figure includes the change in the fair value of the property portfolio , EUR 26.2 million .",neutral,neutral,neutral
140,The unit is planned to be operational during the second half of 2007 and in full stream in 2008 .,neutral,neutral,neutral
4890,FTSE 100 flat; Standard Chartered leads risers,positive,negative,positive
2881,Merrill Lynch analyst Campbell Morgan upgraded his recommendation on PaperlinX from `` neutral '' to `` buy '' in May .,positive,positive,positive
4711,Operating profit rose to EUR 26.7 mn from EUR 14.9 mn in the corresponding period in 2006 .,positive,positive,positive
3834,The Company said that previously EB delivered a custom solution for LG Electronics and now is making it commercially available for other mobile terminal vendors as well as to wireless operators .,neutral,neutral,neutral
368,"For the first nine months of 2010 , the company 's net profit rose to EUR41m from EUR30m for the corresponding period of 2009 .",positive,positive,positive
4598,Just stumbled upon this amazing chart - $OFIX - holy guac. SUPER overbought. http://stks.co/e0PX1,negative,positive,negative
5634,Net sales decreased to EUR 220.5 mn from EUR 470.0 mn in the corresponding period in 2009 .,negative,negative,negative
5396,"Tieto offers Aktia a good foundation and the required support services for implementing the update project , ' says Juha Volotinen , responsible for Aktia 's web services .",positive,positive,positive
5374,"Finnish metal products company Componenta Oyj ( HEL : CTH1V ) said today its net loss narrowed to EUR 500,000 ( USD 680,000 ) in the last quarter of 2010 from EUR 5.3 million for the same period a year earlier .",positive,positive,negative
5447,Financial terms were n't disclosed .,neutral,neutral,neutral
5779,UPDATE 3-Stifel to buy former Lehman brokerage from Barclays,positive,positive,positive
1028,Deliveries will start in the second half of 2007 and the start-up of the mill is scheduled for 2008 .,neutral,neutral,neutral
2222,"treatment products in Usa , Canada , Mexico , Australia and Brazil Today , Global Research & Data Services is going to publish several market analyses about the markets for water treatment products in some selected countries .",neutral,neutral,neutral
832,"May 29 , 2010 ( CompaniesandMarkets.com delivered by Newstex ) -- This report provides key data and information on the meat , fish and poultry market in Finland .",neutral,neutral,neutral
983,"This location makes the mall a convenient place to shop for consumers from three large residential areas nearby : Jaroszowka , Wysockiego and Zgody .",positive,neutral,neutral
1536,"At 12.01 pm , the OMX Helsinki 25 was down 0.66 pct to 3,143.57 and the OMX Helsinki was 0.67 pct lower at 10,530.74 on 253 mln eur turnover .",neutral,negative,negative
3564,"Kai Tulonen , Chief Technology Officer , SysOpen Digia says : `` We have been using Corporate Phonebook inside SysOpen Digia extensively since last fall , and we have been very satisfied with the results .",positive,positive,neutral
708,"The contract consists of a new building with an area of 18,000 sq m and renovation of the existing buildings .",neutral,neutral,neutral
2700,"Currently it operates a fleet of eight carriers , as well as nine pushers and barges .",neutral,neutral,neutral
1493,"Wartsila won the contract in October 2007 and the plant will be installed at Manturovo in the Kostroma region of Russia , about 600 km northeast of Moscow , Russia .",positive,neutral,neutral
4412,"Metrics in QPR ScoreCard now support date , text and milestone-based values , which improve its support for managing projects around performance or process-related content .",positive,positive,positive
3154,The total emissions reduction from 1999 to 2017 will be thus 41 % .,neutral,negative,negative
5423,The customers will have an access to integrated propeller and gear packages from one source .,neutral,neutral,neutral
4152,"UPDATE 1-Nomura, RBS must pay $806 mln in mortgage bond case-US judge",negative,positive,neutral
5513,"The bank also expects additional costs , related to the Dash 8 - Q400 jets , which the group shelved in October 2007 .",neutral,neutral,neutral
4048,"Headquartered in this city , the company is nearly 75 years old and focuses on science-based innovation and technology for environmental measurement .",neutral,neutral,neutral
3903,"Member of the HK Ruokatalo Group in Finland , Scan , is launching a joint venture slaughterhouse with Team Ugglarp in Sk+Ñne , southern Sweden .",neutral,neutral,neutral
2864,"The ship cranes , which will be manufactured by MacGREGOR 's partner plants in China , will be delivered between 2008-2010 for vessels ordered by Chinese COSCO , German Peter Dohle and Hong Kong based Cido Shipping .",neutral,neutral,neutral
679,"Outotec , headquartered in Espoo , Finland , is a leading provider of process solutions , technologies and services for the mining and metallurgical industries .",neutral,neutral,neutral
412,The GeoSolutions team further provides an intriguing new technology combining GPS and Mobile-based technologies together with Internet-based social networking .,neutral,neutral,neutral
4636,"Tectia Corporation HEL : TEC1V , a provider of real-time security solutions , today announced that it has appointed LAN2LAN , a provider of IT services in the UK , to distribute its data security and manage file transfer software .",positive,neutral,neutral
5504,Arm profits and sales up as shift away from mobile gains pace,positive,positive,positive
4066,"`` The bond gathered subscriptions from some 400 investors and the issued amount can be considered substantial taking into account the main target group -- retail investors , '' Citycon CFO Eero Sihvonen said .",neutral,neutral,neutral
4410,$KITD Looking for a oversold bounce.,positive,positive,negative
5265,"ADP News - Nov 18 , 2008 - Finnish AC drives manufacturer Vacon Oyj OMX : VAC1V said today that it had set up new representative offices in Romania and Ukraine to serve the growing markets in eastern and southeastern Europe .",positive,positive,neutral
3851,"Finnish Larox has signed a contract with the Talvivaara Project for the delivery of filters to the Talvivaara nickel mine in Sotkamo , in Finland .",positive,neutral,neutral
537,Morrisons finance chief to fill gap as CEO leaves early,negative,negative,negative
1153,"Last July , the group said it intended to relocate warehouse and office space in Loudeac and Saint Marcel to Morvillars , in the east of France , where it already operates a hook manufacturing and distribution unit .",neutral,neutral,neutral
940,Affecto expects its net sales for the whole 2010 to increase from the 2009 level when they reached EUR 103 million .,positive,positive,positive
5707,"$ENDP - we saw a large order in this one last week, someone also accumulating May & Jun 35's Calls today",positive,positive,negative
5502,$GRPN might be selling off ahead of $P earnings...,negative,positive,negative
519,It also confirmed its earnings guidance for the whole 2009 issued in its report for the whole 2008 .,neutral,neutral,positive
3370,$FB (110.20) is starting to show some relative strength and signs of potential B/O on the daily.,positive,neutral,positive
3692,Valmet Automotive reports net sales of EUR 85mn and operating profit of EUR 8mn .,neutral,neutral,neutral
768,Operating loss totaled EUR 0.3 mn compared to a profit of EUR 2.2 mn in the corresponding period in 2007 .,negative,negative,negative
626,Olli-Pekka Laine has been appointed as the Chairman and Erkki Pehu-Lehtonen as the Vice Chairman of the Board .,neutral,neutral,neutral
5070,The Financial Statements and Interim Reports will be released around at 9.00 a.m. ( Finnish time ) on the given dates .,neutral,neutral,neutral
4469,Sales boost for new Morrisons chief David Potts as Tesco turnaround stalls,negative,positive,negative
3205,"Finland-based international machinery rental company Ramirent Plc ( OMX Helsinki : RMR1V ) said on Friday ( 9 May ) that its president and CEO , Kari Kallio , has informed the board of his intention to retire in year 2009 .",neutral,neutral,neutral
1087,$PKT Momentum building for breakout trigger ! Long setup http://stks.co/eXVU,positive,positive,positive
4897,$DXCM - Making higher highs & higher lows as it consolidates over past several weeks. 26.70 was all time high (2006).,positive,positive,positive
3366,Passenger volumes rose by 8.4 % in the accounting period .,positive,positive,positive
5658,"Tekla will organize an information meeting for analysts and media at WTC Helsinki Marski meeting room , Aleksanterinkatu 17 , the same day at 12:30 - 1:30 p.m. Light lunch will be served .",neutral,neutral,neutral
2567,"Fortum expects its annual capital expenditure in the next four to five years to be within a range of EUR 0.8-1 .2 billion , as earlier announced .",neutral,neutral,neutral
116,"The prerequisite for inclusion in the program and for receipt of any gains is that key employees acquire Aspo shares to the amount determined by the Board in advance , in the maximum .",neutral,neutral,neutral
1179,"According to the original merger plan , Scanfil would get a 79 % stake in the combined business .",neutral,neutral,positive
4242,"UPM is talking to Myllykoski+ó s creditor banks -- Nordea ( STO : NDA ) , Nordic Investment Bank and Danske Bank+ó s ( CPH : DANSKE ) Sampo Bank -- over a deal , the paper said .",neutral,neutral,neutral
3323,HSBC Hit by Fresh Details of Tax Evasion Claims,negative,negative,negative
5244,$BABA may take a few days wks months watch what happened to $FB $TWTR after they IPO. mrkt needs to washout. to hunt well need 2 wait stalk.,neutral,negative,negative
5156,NASDAQ-listed Yahoo Inc has introduced a new service that enables Malaysians to take their favorite Internet content and services with them on their mobile phones .,positive,neutral,neutral
4710,Kemira shares closed at (  x20ac ) 16.66 ( $ 22US .71 ) .,neutral,neutral,negative
5600,"Via the move , the company aims annual savings of some EUR3m , the main part of which are expected to be realized this year .",positive,neutral,positive
1972,$ilmn piper Jeffries raises pt.  I remain long,positive,positive,positive
2934,"The 718,430 new Series A shares will become subject to trading on the Helsinki Stock Exchange 's Main List , together with the old Series A shares , on July 3 , 2006 .",neutral,neutral,neutral
1477,Glencore blames rivals for creating metals glut,negative,negative,negative
3523,"Purchase it for the 12MP snapper , if nothing else .",neutral,negative,neutral
4655,"There has been some recovery of the base metals prices and increased demand for metals in China , however .",positive,positive,positive
261,"Copper , lead and nickel also dropped ... HBOS ( HBOS ) plummeted 20 % to 70.3 pence after saying this year+ó ??",neutral,positive,negative
1938,The serial bond is part of the plan to refinance the short-term credit facility .,neutral,neutral,neutral
355,"Established in 1987 , the SRV Group is a private Finnish construction concern with operations in Finland , the Baltic countries and Russia .",neutral,neutral,neutral
5542,US dollar wipes out sales gains for SABMiller,negative,positive,negative
5089,"The company generates net sales of about 600 mln euro $ 775.5 mln annually and employs 6,000 .",neutral,neutral,neutral
5415,Finnish energy company Fortum has set itself new stricter target limits for short-term carbon dioxide emissions from its heat and electricity production .,neutral,neutral,negative
3653,"HELSINKI AFX - KCI Konecranes said it has raised its stake in MMH Holdings Inc , the owner of US-based Morris Materials Handling , to 90.9 pct from 74.5 pct .",positive,positive,positive
3000,"29 September , 2010 Finnish waste management and recycling company Lassila & Tikanoja expands its operations in Russia by introducing its recently completed recycling plant in the city of Dubna near Moscow .",positive,neutral,neutral
331,"Commenting on the deal , Shane Lennon , SVP of Marketing & Product Development at GyPSii said : ?",neutral,neutral,neutral
5422,"Finnish electronics contract manufacturer Scanfil reports net sales of EUR 241.2 mn in 2006 , down from EUR 321.6 mn in 2005 .",neutral,negative,negative
2500,"Aspocomp Group , headquartered in Helsinki , Finland , develops interconnection solutions for the electronics industry .",neutral,neutral,neutral
4143,In return the New York-based private equity firm will receive a 51 % stake in the Latvian IT and telecom group .,neutral,neutral,neutral
4293,"Under the terms of the off-take agreement with Talvivaara , Cameco will provide an up-front investment , to a maximum of $ 60 million , to cover the construction cost of the uranium extraction circuit .",positive,neutral,positive
365,"The contract covers the manufacturing , surface-treatment and installation of the steel structures .",neutral,neutral,neutral
5503,"The above mentioned shareholders will suggest that a monthly salary of EUR 1,400 would be paid for the Board members outside the company .",neutral,neutral,neutral
1372,"The Polish business employs about 1,000 people , and it had net sales of about EUR 70mn in 2007 .",neutral,neutral,neutral
3892,Market Report: Aviva tops the market as traders approve of its choice of Friends,positive,neutral,positive
2751,"Kaleva Kustannus Oy ( business ID 0187274-0 ) has , according to its notice , on 10 August 2009 acquired 4,458,000 Alma Media shares .",neutral,neutral,neutral
22,"In stead of being based on a soft drink , as is usual , the Teho energy drink is made with fresh water .",neutral,neutral,neutral
5733,"Laavainen said Benecol was well known in Europe and the US , where it had been in the market for 15 years .",neutral,positive,neutral
480,"In January-November 2009 , the group 's sales totalled EUR 7,801.7 mn , which was a drop of 12.6 % from the same period of 2008 .",negative,neutral,negative
5595,The acquisition is part of Ramirent 's strategy to strengthen its position in selected locations .,positive,positive,positive
694,Added more $BBBY @jimcramer is wrong about this one. Still a very profitable merchant with profitable stores,positive,positive,positive
657,Finnish Outokumpu Technology has been awarded several new grinding technology contracts .,positive,positive,positive
1470,"Trading code : ELI1V Number of shares : 99,483 Price-share : Gratuitous After the transfer , Elisa holds a total of 10,435,023 own shares .",neutral,neutral,neutral
3181,`` Our research shows that access to information technology has been one of the limiting factors for most small businesses especially when they work in a heterogenous network based environment .,neutral,neutral,neutral
216,"However , the offering will probably not be made at the current valuation , which partly derives from the deal in which the company was merged into a stock market shell .",neutral,neutral,neutral
1127,Aviva weighs cash handout after beating profit forecast,positive,negative,negative
4474,hu will offer a further discount of between 25 % and 50 % on selected books .,neutral,neutral,neutral
159,"You need to be ready when the window opens up , Rosberg said .",neutral,positive,positive
3379,$SBUX downgraded to neutral at Deutsche Bank. Price target reduced to $64 from $70.,negative,negative,negative
4028,"ASPO Plc STOCK EXCHANGE BULLETIN October 24 , 2006 at 2:00 p.m. Aspo Systems Division has completed the statutory negotiations , as required under the Act on Co-Operation Within Undertakings , conducted as part of the action plan launched in August .",neutral,neutral,neutral
726,ITV to pursue takeover of Canada's Entertainment One: Bloomberg,positive,positive,neutral
4654,$EFUT hod  posted buy pm at $4.40,positive,positive,negative
4582,The changes in readership were not significant .,neutral,neutral,neutral
5328,"Cencorp would focus on the development , manufacture and marketing of standard products for production automation .",neutral,neutral,neutral
4947,"Profit for the period totaled EUR 39.4 mn , up from EUR 33.9 mn in the corresponding period in 2006 .",positive,positive,positive
3998,"According to Olvi 's Managing Director Lasse Aho , the company has an ongoing MMX Plus project that aims to find growth outside Finland .",positive,positive,neutral
4374,Status : Agreed,neutral,neutral,positive
459,"Rockwell Collins is a provider of flight deck , cabin and information management solutions for business aircraft operators .",neutral,neutral,neutral
257,Altogether Finnair has canceled over 500 flights because of the strike .,negative,neutral,negative
1906,"Due to rapid expansion , the market share of Tallink in terms of passenger carriage through Tallinna Sadam Port of Tallinn totaled 55 percent in November against 45.7 percent in November 2005 .",positive,neutral,negative
3656,The contract value amounts to EUR 2.4 million .,neutral,neutral,neutral
5533,$VRTX early technical BUY signal... for confirmation > 86 it needs some fundam. incentive https://t.co/QuYSrqFo2x,positive,positive,positive
3580,The company will make its marketing and sales investments initiated in 2009 even more efficient in 2010 .,positive,positive,positive
4562,$GS sells flat..I am out..,negative,positive,negative
723,"$AAPL Stock Climbs as Barron's Sees 40% Upside, Jim Cramer's Take  https://t.co/lKlD9mVKBQ",positive,negative,positive
5702,"M-real Corporation Stock Exchange Release 27 August 2009 at 3.15 pm M-real has received the EUR 190 million cash payment from Sappi M-real Corporation , a part of Mets+ñliitto Group , divested its Graphic Papers business to Sappi Limited at the end of 2008 for EUR 750 million .",neutral,neutral,neutral
5483,"The tests , conducted at Nokia Siemens ' LTE center of competence in Espoo , Finland , follow the company 's production start of LTE-ready Flexi Multiradio Base Stations for the 800 MHz band in April 2010 , and complement earlier tests with Nokia on the 2100 MHz and 2600 MHz bands .",neutral,neutral,neutral
2638,UNC Charlotte would also deploy SSH Tectia Connector to enable secure application connectivity .,neutral,neutral,neutral
5828,"Since the registration of the shares subscribed in a directed share issue , the new number of Panostaja shares and voting rights is 41,733,110 .",neutral,neutral,neutral
3142,Pharmaceutical market in Netherlands Global Research & Data Services published recently a market analysis about the pharmaceutical markets in Netherlands .,neutral,neutral,neutral
5590,"Britain's FTSE steadies, supported by Dixons Carphone",positive,positive,neutral
4729,$AAPL Now I'm glad I got stopped out of my $113 weeklies when I did. Will re-enter next Monday for the #earnings run-up.,neutral,positive,positive
5225,$IBM staying strong,positive,positive,negative
5288,"Adanac Molybdenum of Canada has ordered grinding technology for its molybdenum project in British Columbia , Canada , while Shalkiya Zinc of Kazakhstan has awarded a contract for grinding technology for the Shalkiya zinc-lead project in Kazakhstan .",positive,positive,neutral
4264,Measures will be launched immediately and are due to be finalized in the first quarter of 2010 .,neutral,neutral,neutral
3802,"Arvo Vuorenmaa , the Loviisa plant 's general manager said the application for the new licence was a `` standard '' procedure and that he was `` quite confident '' about approval being granted .",positive,neutral,positive
1275,"I'm liking the price action in $SWKS, currently @21.80 ; my target: 24.00+ before year end.",positive,positive,positive
652,"$HSC Receives 7-Year, $50M Contract at New Saudi Arabian Steel Mill",positive,positive,positive
2359,The order was valued at USD12 .2 m.,neutral,neutral,positive
3134,The company expects sales revenue of RMB8 .0 billion in 2009 .,neutral,positive,neutral
602,"Then , it said the contract was estimated to contribute more than EUR150m to its net sales in 2010 .",positive,positive,neutral
262,$GOOG Testing the 200 day after some consolidation http://stks.co/h0cPJ,positive,negative,negative
5668,Its market share widened to 48.51 percent from 48.31 percent a year earlier .,positive,positive,positive
2223,These six agreements are the company 's first customer acquisitions in India since taking over TVS Electronics ' contract manufacturing facility in Jun 2007 .,neutral,neutral,neutral
647,"Also , Westpac is to issue a benchmark , 18 month FRN deal in Euros .",neutral,neutral,neutral
1543,Pretax profit rose to EUR 17.8 mn from EUR 14.9 mn in 2005 .,positive,positive,positive
2422,Capital base and capital adequacy measurement is based on approaches under Basel II .,neutral,neutral,neutral
2224,"YIT acquired investment rights to a 10,000 square metre residential project in Yaroslavl and to a 16,400 square metre project in Moscow .",neutral,neutral,neutral
5348,Irish housebuilder Cairn Homes plans London listing,positive,positive,neutral
635,Net sales decreased to EUR 91.6 mn from EUR 109mn in the corresponding period in 2005 .,negative,negative,negative
5453,"According to Vauramo , the plant 's lifting equipment is suitable for Asian and for some Chinese trucks .",neutral,neutral,neutral
2610,"CompaniesandMarkets.com provides a wide range of research reports , industry statistics and competitive intelligence on the industrial sector .",neutral,neutral,neutral
1313,"Exports accounted for 65.4 % of net sales , representing an all time record for the company .",positive,positive,neutral
129,The adjustment measures will be carried out in phases to secure the delivery capability .,neutral,neutral,neutral
788,$AAPL I am big OUT from this. seems its falling towards 530.. :(,negative,positive,negative
4791,"In addition , the production at the Varpaisj+â rvi factory will be stopped at the beginning of April 2009 .",neutral,neutral,neutral
3544,The Remote Radio head module will be available at 4W power for 2.5 GHz and 3.5 GHz TDD frequency bands .,neutral,neutral,neutral
145,The acquisition will have an immediate positive impact on Aspocomp 's financial result .,positive,neutral,positive
2973,Demand was brisk as expected and order levels have remained high .,positive,positive,positive
217,"Operating result for the 12-month period decreased from the profit of EUR0 .4 m while turnover decreased from EUR5 .6 m , as compared to 2004 .",neutral,negative,negative
2598,The invention carries International Patent Publication No. .,neutral,neutral,neutral
4610,"`` While concerns remain longer term , size and scale may enable Nokia to hold on to its newfound margin improvements in the near term , '' the analyst wrote .",positive,neutral,positive
1260,55 workers in +àm+Ñl will be affected by the close-down .,negative,negative,negative
1910,"Thus the group 's balance sheet will have about EUR25 .8 m of goodwill , the company added .",neutral,neutral,neutral
4131,The company expects net sales of 65 mln euro ( $ 85.1 mln ) for 2006 .,neutral,neutral,neutral
778,The contracts comprise turnkey orders for RoRo systems for two RoRo-cruise vessels under construction for Viking Line and Tallink .,neutral,positive,positive
1181,"In 2006 , Kone received an order from Aker Yards to supply 43 customised elevators for the very first Genesis cruise ship which is scheduled to be completed in 2009 .",positive,positive,positive
3589,"SysOpen Digia Plc , Press release , 7 February 2006 IBM Finland has rewarded its most distinguished partner companies for 2005 .",positive,positive,positive
1888,"Finnish Scanfil , a systems supplier and contract manufacturer to the communications sector and the electronics industry , reports net sales of EUR 49.6 mn in the first quarter of 2009 , which are only a per cent smaller than in the corresponding period in 2008 .",neutral,negative,neutral
5695,"Pre-tax profit totaled EUR 397.4 mn , up from EUR 164.7 mn .",positive,positive,positive
4324,Oriola-KD expects its invoicing in 2008 to be higher than the comparable invoicing of 2007 .,positive,neutral,positive
3688,"In a release on Oct. 28 , Peab said the two businesses will continue to be conducted under the brands Cliffton and Stockholm Entreprenad , both part of the Peab Group .",neutral,neutral,neutral
1488,"( ADP News ) - Feb 12 , 2009 - Finnish construction company Lemminkainen Oyj ( HEL : LEM1S ) said today its net profit decreased to EUR 63.5 million ( USD 81.1 m ) for 2008 from EUR 80.6 million for 2007 .",negative,negative,negative
3579,"In accordance with the terms and conditions of Alma Media 's 2006 option program , the share subscription price for the 2006A option rights was EUR 4.88 per share and the book countervalue EUR 0.60 per share .",neutral,neutral,neutral
871,The ECB can mainly target inflation .,neutral,neutral,neutral
1278,Copper market may get a 2003-style supply shock from Glencore closures,negative,positive,negative
1427,The result before taxes was a loss of 25.0 million euros .,neutral,neutral,negative
2660,The company will propose a dividend of EUR0 .12 per share for 2008 .,neutral,neutral,neutral
512,"Revenue was slightly down , at  x20ac 495 million $ 634 million , compared to  x20ac 497 million a year earlier .",neutral,negative,negative
3103,"The business had gross written premiums of EUR152 .4 m (  91.5 m ) in 2000 , a net combined ratio of 133 % and 175 staff in total with offices in the UK , Germany and Benelux .",neutral,neutral,neutral
2799,"This new representation extends Comptel 's global presence to a total of 18 countries , serving over 250 customers in over 80 countries worldwide .",positive,positive,neutral
4879,"In the third quarter of 2007 , net sales totaled EUR 25.95 mn , and operating profit EUR 3.88 mn .",neutral,neutral,positive
914,GET MIDNIGHTTRADER IN REALTIME : This report is delayed .,neutral,neutral,negative
2260,"In the building and home improvement trade , net sales totalled EUR 1,173 mn , down from EUR 1,566 mn a year earlier .",neutral,negative,neutral
23,The company plans to increase the unit 's specialist staff to several dozen -- depending on the market situation during 2010 .,neutral,positive,neutral
4809,"The share capital of Biotie Therapies Corp. constitutes 90,211,860 shares in the aggregate and the number of voting rights attached to the shares amounts to 90,211,860 .",neutral,neutral,neutral
3971,Costco: A Premier Retail Dividend Play https://t.co/J3UhTs022M $COST,positive,positive,positive
2005,"Finland-based companies , L+ñnnen Tehtaat and Raisio , have decided to dissolve the joint venture company ZAO Scandic Feed , which was established to start local animal feed business and feed production in northwest Russia .",neutral,neutral,neutral
3638,"The Lemminkainen Group , headquartered in Helsinki , Finland , operates in all sectors of the construction industry : civil engineering , building contracting , technical building services and the building materials industry .",neutral,neutral,neutral
596,"With the extension of the new contract for a further eight engines , the plant will now produce over 100 MW , it said .",positive,neutral,positive
2787,loading $SPY and $AAPL puts. think were toppy IMHO.,negative,negative,negative
1067,Aspocomp has repaid its interest bearing liability to Standard Chartered Bank and will use the rest of the consideration to partially repay its interest bearing liabilities in Finland and to improve its liquidity .,positive,neutral,neutral
2037,"Operating profit , excluding non-recurring items , totalled EUR 1.0 mn , down from EUR 1.6 mn .",negative,negative,neutral
5293,"It also has strong assets in electronic media , employing 18,500 an increase of 9 percent on last year .",positive,positive,positive
1486,"`` P&O Ferries now has a very efficient and powerful vessel for its Dover to Calais route , '' head of the shipbuilder 's Rauma yard , Timo Suistio , said .",positive,positive,positive
5227,#Apple up almost 20% from its February lows with very little fanfare. $AAPL,positive,positive,negative
2178,"In the Baltic states the company reports net sales of EUR 11.9 mn , down from EUR 14.2 mn , and an operative EBIT of EUR -2.2 mn , down from EUR -1.7 mn .",negative,negative,neutral
4607,$TSLA recall model X https://t.co/b7izYa4BuE,negative,negative,negative
681,Current holdings via options - Long: $AAPL $V $GS $AET & Short: $VXX,positive,positive,positive
603,No financial details were reported .,neutral,neutral,neutral
235,The move was triggered by weak demand for forestry equipment and the uncertain market situation .,negative,neutral,negative
3902,"According to Saarioinen 's Managing Director Ilkka M+ñkel+ñ , the food industry sector has a significant excess of production machinery .",neutral,positive,positive
5740,"561,470 new shares under 2003 option rights plan Packaging company Huhtamaki Oyj reported on Monday that a total of 561,470 new shares of the company have been issued based on share subscriptions under its 2003 option rights plan .",neutral,neutral,neutral
683,$PCLN runs into the 50sma on the acquisition news,positive,neutral,positive
2303,"The company plans to close two of the three lines at the plant , where some 450 jobs are under threat .",neutral,neutral,negative
2999,"Operating loss totalled EUR 4.0 mn , compared to a profit of EUR 8.6 mn in the second quarter of 2008 .",neutral,negative,negative
2196,"When the situation normalises , the company will be able to increase the amount of residential units for sale in St Petersburg and Moscow , in particular .",positive,neutral,neutral
2529,"CapMan , an asset manager , has EUR 3bn worth of assets under management in the Nordic region .",neutral,neutral,neutral
3412,"Sales are expected to increase in the end of the year 2006 , however .",positive,positive,positive
941,"The report profiles 158 companies including many key and niche players including major Nonwovens manufacturers such as Ahlstrom Corporation , Asahi Kasei Corporation , Buckeye Technologies , Inc. , EI .",neutral,neutral,neutral
64,"RT @andrewnyquist Chartology: Yahoo: http://stks.co/1itr $YHOO  Crazy looking chart, but nearing breakout resistance line...",positive,positive,positive
1263,"$AAPL AAPL: Gundlach Slams iPad mini, Sees Downside to $425. http://stks.co/bDqV",negative,negative,negative
1874,"Patrick Jeambar will also continue being responsible for Innovation and Health , safety and environment HSEA functions of Ahlstrom Corporation .",neutral,neutral,neutral
3451,"UPM said the move will lower net profit by  x20ac 385 million US$ 520 million in the second quarter , mainly due to impairment charges .",negative,neutral,negative
211,A total 30 % of the order value was booked in the fourth quarter of 2009 and the remainder will be booked in the second quarter of 2010 .,neutral,neutral,neutral
3607,"Metsaliitto will sell 1.1 million B shares of Neomarkka , accounting for about 18.3 pct of Neomarkka 's equity and about 12.7 pct of the voting rights .",neutral,neutral,neutral
4161,Hard to find new buyers of $TSLA at 250.  Shorts continue to pile in.,negative,positive,negative
2491,"The buyer is real estate owner Propertos Oy , but the companies have agreed not to disclose financial details of the deal .",neutral,neutral,neutral
4301,"RT @Cash_Cow $TLT still has a rising RSI & MACD, all this bond buying is signaling some bad moves for the market. $SPY $UUP",negative,positive,positive
3754,"In a recent interview with the Financial Times ( FT ) , Sampo 's board chairman Bjorn Wahlroos said If P&C was certainly for sale and the price had been set at SEK 85 billion , confirming earlier statements .",neutral,neutral,neutral
1068,"Fastenal misses by $0.01, misses on revenue $FAST #NYSE https://t.co/63JHQ7pwMN",negative,negative,negative
5088,"Combined with the Basware Enterprise Purchase to Pay portfolio , it provides a high level of automation for procurement and invoice workflows .",neutral,positive,positive
2508,"In addition to software development , the new design unit will provide for mechanical engineering and electronics design .",neutral,neutral,neutral
3662,"- The Group -¦ s profit before taxes was EUR 0,2 7,8 million .",neutral,neutral,neutral
1596,ND = Not disclosed .,neutral,neutral,neutral
5665,"Nevertheless , its market share rose to 49.14 percent from 48.51 percent a year earlier .",positive,positive,positive
2278,"The deal includes the entire personnel of PlanMill Oy , who will transfer to the new company as so-called old employees .",neutral,neutral,neutral
548,"STOCKMANN plc COMPANY ANNOUNCEMENT February 20 , 2007 , at 13.40 An annual summary of Stockmann 's stock exchange and financial press releases in 2006 is available on the company 's website at the address www.stockmann.com .",neutral,neutral,neutral
3952,"The Annual General Meeting approved a dividend of EUR 0.10 per share , that is , a total of EUR 7,8 million .",neutral,neutral,neutral
3727,Timberrrr $TSLA https://t.co/MRBgfDHHVa,negative,negative,positive
1764,The group 's net sales in 2007 were EUR683 .6 m.,neutral,neutral,neutral
2396,As a result some 20 persons will no longer be needed .,negative,neutral,negative
162,$CTRP  breaking out here on good vol and a parser buy signal  ..noticed this on bob langs comments looking for 48 fast,positive,positive,negative
909,"Finnish Metso Paper has been awarded a contract for the rebuild of Sabah Forest Industries ' ( SFI ) pulp mill in Sabah , Malaysia .",positive,positive,positive
83,The fair value of the company 's investment properties went down to EUR 2.768 billion at the end of 2009 from EUR 2.916 billion a year earlier .,neutral,negative,negative
3413,"The contracts of the employees , 96 of whom are blue-collar workers , will be ended between March and August 2011 .",neutral,neutral,neutral
689,The winner does not have to be present to win .,neutral,neutral,neutral
310,$mcp rolling over for a new intraday low. Bottom Pickers continue to get destroyed,negative,positive,negative
4445,Nokia - the world 's largest mobile phone manufacturer - and China Postel - China 's largest mobile phone distributor - have a long-standing partnership that continues to grow stronger over time .,positive,positive,positive
4894,These restrictions do not apply to statutory dividends .,neutral,neutral,neutral
1654,"Quarterly diluted EPS on continuing operations came in at 0.21 eur , compared with last year 's 0.12 eur .",positive,positive,positive
875,"The contract incorporates a Convergent Charging rating solution for voice and data , which includes Internet , GPRS , SMS , MMS and WAP .",neutral,neutral,neutral
5599,With this acquisition Panostaja Oyj further expands its business area specialising in digital printing .,positive,neutral,positive
5833,"In 2008 , Kemira recorded revenue of approximately EUR 2.8 billion and had a staff of 9,400 .",neutral,neutral,neutral
3374,An appeal concerning the project has been lodged at the Czech Ministry of the Environment .,neutral,neutral,neutral
1779,"At the end of March 2009 , the company 's loans amounted to EUR 10.113 mn .",neutral,neutral,neutral
5493,Finnish silicon wafers manufacturer Okmetic Oyj said it swung to a net profit of 4.9 mln euro $ 6.3 mln in the first nine months of 2006 from a net loss of 1.8 mln euro $ 2.3 mln a year earlier .,positive,positive,positive
4390,"Huhtamaki 's rigid plastic consumer goods operations , which are mainly in Europe , will be separated into a new reporting segment as of 1 January 2009 .",neutral,neutral,neutral
2530,L&T 's net profit for the whole 2010 dropped to EUR 36 million from EUR 45 million for 2009 .,neutral,positive,negative
655,Around 250 of these reductions will be implemented through pension arrangements .,neutral,neutral,negative
2580,G4S slides on balance sheet worries,negative,positive,negative
1478,Estonia 's beer market overall grew three percent last year to 130 million liters .,positive,positive,positive
3740,At the same time I am delighted by the fact that we were able to accomplish the organization with our own team members .,positive,positive,positive
5123,$KCG bot at 2.24,positive,neutral,positive
1918,Major Order in India Comptel Corporation has received a significant long-term order for mediation and provisioning solutions being used by a leading operator in India .,positive,positive,positive
1189,Related links : Flexiblebaseloadoperation TheWartsila32generating set Gasconversions This is the shorter of two versions of this press release .,neutral,neutral,neutral
3963,The company is studying the feasibility of focusing most of its processed meat production in the Vantaa facilities and the processing of fresh meat in the Forssa facilities .,neutral,neutral,neutral
4821,EU regulator backs approval for GSK injectable asthma drug,positive,positive,positive
131,"Temporary lay-offs , affecting the entire workforce , will also be implemented .",negative,neutral,negative
1756,"Compared with the FTSE 100 index , which fell 35.2 points ( or 0.6 % ) on the day , this was a relative price change of 0.6 % .",neutral,negative,negative
4625,"Because the application can be considered as a hacking application , it is classified by F-Secure as riskware .",neutral,neutral,neutral
3359,"After the split , the number of K shares will be 9 540 000 and the number of A shares 26 885 540 .",neutral,neutral,neutral
5677,"Marubeni has participated in GHG - Green House Gas - emission reduction projects overseas , obtained emissions credit from its projects and has provided these to Japanese clients .",neutral,neutral,neutral
4014,"The company operates a U.S. division in Lisle , Ill. .",neutral,neutral,neutral
3008,Tesco sells half of stake in ecommerce site Lazada to Alibaba for Â£90m,neutral,negative,neutral
3943,"The company has decided to stop the operations of Ruukki Construction Division in Latvia and Lithuania , and concentrate the production and logistics in Parnu , Estonia in 2009 .",neutral,neutral,neutral
3358,"Hammerson, JV Partner secure ownership of Ireland's Dundrum - Quick Facts",positive,neutral,negative
1058,"Tallink claims the watertight doors of both Vana Tallinn and Regina Baltica , including their electrical systems , are fully in working order .",positive,neutral,neutral
2974,"ADPnews - Sep 28 , 2009 - Finnish silicon wafers maker Okmetic Oyj HEL : OKM1V said it will reduce the number of its clerical workers by 22 worldwide as a result of personnel negotiations completed today .",negative,negative,negative
251,RBS will reportedly appoint Howard Davies as its next chairman,neutral,neutral,neutral
1681,UPM-Kymmene has generated thirty-one consecutive quarters of positive EBITDA .,positive,positive,positive
690,Scanfil will execute the temporary lay-offs by mid-October 2009 and the job cuts by March 2010 .,negative,negative,negative
4210,"The acquisition is part of Suomen Helasto 's strategy to expand the LukkoExpert Security chain , Suomen Helasto CEO Kimmo Uusimaki said .",neutral,neutral,neutral
5385,"Honkarakenne mainly exports large luxury log houses to Russia to be used as one-family houses or holiday homes ; 70 % of sales go to the Moscow region , about 20 % to the St Petersburg region , and the remainder to other locations .",neutral,neutral,neutral
5285,"$AAPL bounce right now has no vol, more vol when it slid",positive,positive,negative
4620,Diluted earnings per share ( EPS ) rose to EUR 3.68 from EUR 0.50 .,positive,positive,positive
4815,"Germany 's innovational centers are united in focusing at companies , which aim at use of technologies and development of new kinds of activity , through supporting the beginner companies with the entire spectrum of their services .",neutral,neutral,neutral
2026,Synergy benefits will start to materialise in the second quarter .,positive,positive,positive
3482,Rautaruukki said construction group YIT has awarded it a 2.5 mln eur contract to supply the steel structures for a new bridge spanning the Kemijoki river in Northern Finland .,positive,positive,positive
56,"Thus , SysOpen Digia has , in accordance with Chapter 14 Section 21 of the Finnish Companies Act 29.9.1978 - 734 , obtained title to all the shares of Sentera that are to be redeemed .",neutral,neutral,neutral
4907,"Shareholder 's full name and ID code : - Petri Ailus , born 15.9.1966 For further information , please contact Isto Hantila , CEO , tel. +358 9 591 8342 .",neutral,neutral,neutral
2803,"Lule+Ñ municipality has awarded YIT a 2-year contract , for property management of about one third of the municipality 's properties , with a total area of 140,000 sq. metres .",positive,neutral,neutral
2771,The shares carry a right to dividend and other shareholder rights as from their registration with the Finnish Trade Register .,neutral,neutral,neutral
3007,"@StockTwits: @Kbkiwi: $TSLA Tesla Model S sales exceed target, profitability guidance amended upward: http://stks.co/jQ0w""""",positive,negative,positive
2698,"This action follows personnel negotiations concerning Elcoteq SE , Finnish Branch , Elcoteq Finland Oy and Elcoteq Design Center Oy .",neutral,neutral,neutral
5271,"Finland 's leading metals group Outokumpu said its fourth-quarter net profit more than tripled on the back of strong global demand for stainless steel , soaring base metal prices and proceeds from the sale of its technology unit .",positive,positive,positive
323,"In the second quarter of 2010 , Raute 's net loss narrowed to EUR 123,000 from EUR 1.5 million in the same period of 2009 .",positive,positive,positive
2840,`` Marimekko aims to expand its distribution network primarily by increasing the number of concept stores and shop-in-shops .,neutral,positive,positive
2713,"$DNN picked some up, like this going into 2014",positive,positive,positive
1399,$RAD All my charts are flashing oversold.,neutral,positive,negative
2428,Short-term licenses for the games cost as little as $ 3 while purchasing a game outright can cost as much as $ 10 or $ 15 .,neutral,negative,neutral
2115,"$INO Up, up, and away!",positive,positive,positive
4759,The company does not disclose the sum it applied for .,neutral,neutral,neutral
4331,"This truly takes efficiency to new heights , '' Mr. Metso adds .",positive,positive,positive
3771,"( ADP News ) - Feb 11 , 2009 - Finnish management software solutions provider Ixonos Oyj ( HEL : XNS1V ) said today its net profit rose to EUR 3.5 million ( USD 4.5 m ) for 2008 from EUR 3.1 million for 2007 .",positive,positive,positive
1878,"For the purposes of the possible acquisition , PKC would establish a subsidiary in Poland .",neutral,neutral,neutral
2851,The robust growth was the result of the inclusion of clothing chain Lindex in the Group in December 2007 .,positive,neutral,positive
5825,Friends Life lifts profits 38% and hikes divi ahead of proposed Aviva takeover,positive,positive,positive
5326,Market data and analytics are derived from primary and secondary research .,neutral,neutral,neutral
2186,"Food sales totalled EUR 323.5 mn in October 2009 , representing a decrease of 5.5 % from October 2008 .",neutral,negative,negative
3407,Nordea 's chairman of the board Hans Dalborg has informed the nomination committee that he will not be up for re-election at the Annual General Meeting in 2011 .,neutral,neutral,neutral
849,"The Australian company Mirabela Nickel has awarded Outokumpu Technology a contract for grinding technology for its nickel sulfide project in Bahia State , Brazil .",positive,positive,neutral
2796,"The recruitment is related to the relocation of Stora Enso 's research operations to Karlstad , central Sweden .",neutral,neutral,neutral
3597,easyJet leads Britain's FTSE lower as global bond rout resumes,negative,negative,positive
2033,- Provides summary of the medical equipment pipeline products that the company is developing .,neutral,neutral,neutral
612,"HELSINKI ( Thomson Financial ) - M-real said it will exercise an option to buy a 50MW natural gas power plant and land in Kyroskoski , Finland , for around 13 mln eur from Kyro Oyj .",positive,neutral,neutral
2886,"$LULU http://stks.co/o17i Bounced off support early in week - now indicators turning up (RSI, MACD, SMI) Worth a look",positive,positive,positive
3620,The organization that is a member of the Russian auto sector union MPRA has become active since Tikkurila acquired Russian paint company Kraski Teks in 2006 .,neutral,neutral,neutral
383,"TietoEnator was down 1.13 pct to 18.38 , extending recent lows after last week 's second-quarter report , dealers said .",negative,negative,negative
3572,"The offer of some 30 million shares aimed to raise more than  x20ac 500 million US$ 640 million , was expected to be completed by Oct. 9 , Outokumpu said .",neutral,neutral,positive
3317,$YHOO A breakout above $29.83 would constitute a technical entry for the short term trader. http://stks.co/jkUF,positive,positive,positive
3790,"Payment for acquired shares will be made in cash , and the price per share will be EUR 1 plus an administration fee .",neutral,neutral,neutral
1498,"Kaupthing forecasts that Finnish-Swedish Stora Enso will close its mill in Reisholz , in Germany .",neutral,neutral,neutral
4487,Britain's FTSE gets lift from Prudential results,positive,positive,positive
3988,Rapala Fishing Frenzy 2009 .,neutral,negative,neutral
2413,"Finnish Scanfil , a contract manufacturer and systems supplier for communication and industrial electronics reports net sales of EUR 108.7 mn in the first half of 2008 , down from EUR 111.1 mn a year earlier .",negative,negative,neutral
5810,$GOOG resistance turned support?  It,positive,positive,positive
4070,"Glaston 's share GLA1V is listed on the NASDAQ OMX Helsinki , Mid Cap List .",neutral,neutral,neutral
3378,The stock rose for a third day on Tuesday bringing its three-day rise to GBX10 .50 or 1.8 % .,positive,positive,positive
5008,STUK today is a full service house expert in radiation and nuclear safety issues .,neutral,neutral,neutral
717,"` This order is included in Wartsila 's order book in the second quarter , ' the company added .",neutral,neutral,neutral
244,"We went to the market with yield guidance of the 7.25 % area , which gave us the flexibility to go up or down by 1-8th .",neutral,neutral,positive
1954,"Koduextra is operating a retail chain of 11 stores , controlled by Finnish Non-Food Center KY , Rukax OY , and Scan-Tukka OY .",neutral,neutral,neutral
3243,AstraZeneca to Pay Inovio Up to $700 Million for Cancer Drug,positive,positive,positive
2603,Finland 's Poyry Energy has won a contract to advise builders of a new cogeneration power plant in Lithuania 's second-biggest city of Kaunas and to supervise the construction process .,positive,positive,positive
1809,Cash flow from business operations totalled EUR 0.4 mn compared to a negative EUR 15.5 mn in the first half of 2008 .,positive,negative,negative
3481,Subject-matter of the invention furthermore is the use of the cyclone for separating partly molten particles . '',neutral,neutral,neutral
2030,"The city will invite , however , a public procurement tender for the tailor-made public furniture , such as park benches , litter receptacles , public toilets , as well as bus shelters , street lights , and other .",neutral,neutral,neutral
438,"The important thing now is to keep the bank 's existing 15,000 customers .",neutral,neutral,positive
3371,"In April 2010 , Olvi 's range of ciders will expand with a strawberry-rhubarb and an apple-pear cider in green bottles with a new shape .",neutral,positive,positive
13,Viking Line has canceled some services .,neutral,positive,negative
449,Finnish airline Finnair is starting the temporary layoffs of cabin crews in February 2010 .,neutral,neutral,neutral
4394,"`` My wife is looking forward to getting a paycheck again , '' he quipped recently as a six-knot current swirled around his anchored and heavily sponsored jet sled .",neutral,neutral,positive
2065,"The machine will have an annual production capacity of 200,000 tonnes of super-calendered magazine paper and other paper grades based on recovered fiber , Stora Enso said .",neutral,neutral,neutral
1487,"$pcln back over ""up"" trendline from 10/4",positive,positive,negative
661,"He answers questions on how many visitors Conversations gets , how big the team is and what the problems are when setting up social media channels .",neutral,neutral,neutral
4733,Almost two thirds of Olvi 's net sales come from outside Finland .,neutral,neutral,positive
1698,The company had net sales of EUR 19.8 mn and a pre-tax profit of EUR 1.8 mn in 2005 .,neutral,neutral,positive
3592,The share subscription period will expire on 30 September 2007 .,neutral,neutral,neutral
2179,Neither of the companies use genetically engineered soy at the moment .,neutral,neutral,neutral
5297,"Aug. 31 , 2009 (Gawker Media delivered by Newstex)-- If you love fishing video games but felt that there just was n't enough wackiness involved , then Activision 's (NASDAQ : ATVI) Rapala : We Fish might just catch your eye with its family-fun hook .",neutral,neutral,neutral
4338,$TSLA gyrating @ S1 above gap. keeping an eye on S2 http://stks.co/jQfB,positive,negative,negative
254,SAMPO PLC Jarmo Salonen Head of Investor Relations and Group Communications tel. +358 10 516 0030 Distribution : NASDAQ OMX Helsinki The principal media Financial Supervisory Authority www.sampo.com This announcement is distributed by Thomson Reuters on behalf of Thomson Reuters clients .,neutral,neutral,neutral
1758,"Forestries were also higher , driven by yesterday 's bullish analyst comment on Stora Enso in Dagens Industri , dealers said .",positive,positive,positive
1812,Zurich Insurance Considering Offer for UK Rival RSA Insurance,positive,positive,positive
4755,"Finnish P+Âyry has been awarded an engineering contract by CFR , the national railway company of Romania .",positive,positive,positive
127,"Eero Katajavuori , currently Group Vice President , Human Resources , will take a year-long sabbatical starting from October 1 , 2010 .",neutral,positive,neutral
2456,Net sales fell by 5 % from the previous accounting period .,negative,negative,negative
373,"It will be operated by Nokia , and supported by its Nokia NetAct network and service management system .",neutral,neutral,neutral
3848,In the meantime the CEO 's duties will be assumed by Outotec 's Deputy CEO Seppo Rantakari .,neutral,neutral,neutral
4128,"`` The acquisition of Sampo Bank makes strategic sense for DB , '' says Lindsey Liddell , director of Fitch Ratings 's Financial Institutions Group .",positive,neutral,positive
376,Sainsbury CFO Rogers to Replace Home Retail CEO Walden,neutral,positive,negative
4252,The Notice in its entirety with other proposals from the Nomination Committee and the Board will be published at least four weeks before 28 April on the company 's website and in Post - och Inrikes Tidningar and Dagens Industri .,neutral,neutral,neutral
641,"- The Group -¦ s cumulative sales during the review period were EUR 48.2 million EUR 53.1 million , 1-9/2007 and profit before taxes was EUR 1.2 1.4 million .",neutral,neutral,positive
2008,"The airline estimated that the cancellation of its flights due to the closure of European airspace , and the process of recommencing traffic , have caused a the company a loss of EUR20m , including the costs of stranded passengers ' accommodation .",negative,neutral,negative
5606,The concept enables a commercially affordable way to manufacture high-quality TCO coated glass for the solar industry .,positive,positive,neutral
5458,"Vaisala also said it expects net sales of EUR 253.2 million for 2010 , compared with EUR 252.2 million recorded in 2009 .",positive,positive,positive
403,"Comparable operating profit totaled EUR 4.7 mn , down from EUR 5.1 mn in the corresponding period in 2005 , representing 7.4 % of net sales .",negative,negative,negative
1330,"In Q2 of 2009 , profit before taxes amounted to EUR 13.6 mn , down from EUR 26.8 mn in Q2 of 2008 .",negative,neutral,negative
2381,UPDATE 1-BP shareholders back more disclosure on climate change risks,neutral,negative,negative
1725,Russia wants to utilise its huge forest reserves in a very different way from what has been done so far .,neutral,positive,neutral
4996,fi is developing cooperation in keyword advertising with Microsoft .,positive,positive,positive
4214,"The other actions include the cutting of the expensive weekend shifts , the freezing of the production bonus system and by a general cost-cutting program .",neutral,neutral,neutral
4895,Finnish business software group AffectoGenimap Oyj said its net profit halved to 1.2 mln euro ( $ 1.5 mln ) in the first nine months of 2006 from 2.2 mln euro ( $ 2.8 mln ) in the same period of 2005 .,negative,positive,positive
1451,"It s an area that is highly valued , because most of the land there has already been built on .",neutral,neutral,neutral
2249,"Operating profit for the nine-month period decreased from EUR19 .9 m while net sales increased from EUR155 .7 m , as compared to the corresponding period in 2007 .",neutral,positive,negative
441,$ISRG - ISRG Short - http://stks.co/f1vVU http://stks.co/c1qrm,negative,negative,neutral
4212,All YIT Capital Markets Day materials will be available on the company 's Internet site at www.yitgroup.com/investors at 10:30 on September 26 .,neutral,neutral,neutral
582,"With the new arrangement , customer responsibilities will become mainly regional .",neutral,neutral,neutral
1254,"It is part of the development of the world-class magnetite deposit at Karara , which has the known potential for over 30 million metric tons of annual processing of magnetite over its estimated 30-year life .",neutral,neutral,neutral
1391,"The share sale , to foreign and Finnish investors , is expected to raise some euro300 million ( US$ 380 million ) .",neutral,neutral,neutral
3518,The purpose of this action is to ensure company 's cost effectiveness this year and in the near future .,positive,positive,positive
979,"After Barclays and Bank of America, Citigroup has blockchain in sight",positive,neutral,negative
4377,Tesla issues its first Model X recall https://t.co/t1kMqVwhQQ $TSLA,negative,negative,negative
3630,Decisions are to be made as quickly as possible .,neutral,neutral,positive
3559,Baird Upgrades Tesla Motors $TSLA to Outperform https://t.co/1FA6aTOqlw,positive,negative,positive
2784,QPR ProcessGuide is available as a system solution with centralized storage and management of process content as well as a standalone desktop version ; QPR ProcessGuide Xpress .,neutral,neutral,neutral
3879,"Mr Clausen , however , refused to comment the option that Nordea would consider buying into Citadele Bank .",neutral,neutral,neutral
1593,"As a result , 12 people will be made redundant and a total of 67 persons are laid off temporarily .",negative,neutral,neutral
5691,AstraZeneca suffers setback after drug fails to treat eye cancer,negative,positive,negative
3793,The business area 's net sales were slightly over 2m in 2006 .,neutral,neutral,neutral
2169,Sales rose to 300.9 mln eur compared with last year 's 276.1 mln eur and in line with 299 mln eur consensus figure .,positive,positive,positive
1587,We are pleased to invite you to join M-real 's international conference call at 3:00 p.m. EET .,neutral,positive,positive
1406,"Both operating profit and net sales for the nine-month period increased , respectively by 26.6 % and 3.4 % , as compared to the corresponding period in 2006 .",positive,positive,positive
4995,"$GILD Sandbagged the guidance so the can use that last 3 billion up.  CC was cautiously optimistic, wait til Next ER for confirmation",neutral,positive,positive
3884,Sainsbury sells unit to LloydsPharmacy,positive,negative,positive
1334,"Kesko offers Hilton to open a hotel on Kalinisky prospect in a 18,000-square metres building because of these difficulties .",neutral,neutral,neutral
1776,"The port facilities ' throughput is 250,000 TEUs and 7.5 mln tons of general cargo .",neutral,neutral,neutral
1539,"The operations to be sold include manufacturing units in Finland , France , Poland and Turkey , as well as sales units in Germany and Lithuania .",neutral,neutral,neutral
344,"However , its market share shrank to 47.59 per cent from 48 per cent a year earlier .",negative,positive,neutral
746,"Operating profit totalled EUR 1.22 mn , down from EUR 3.56 mn in the first quarter of 2008 .",negative,negative,negative
3984,"Under the plan , which CSES worked out together with Public Policy Management Institute ( PPMI ) and other partners , buildings with a total area of 10,000 square meters should be built on the territory in the first phase .",neutral,neutral,neutral
1401,The order was valued at over EUR15m .,neutral,neutral,neutral
2363,The company reiterates its outlook for 2009 .,neutral,neutral,neutral
448,One of the largest projects of the magazine division of SanomaWSOY - Sanoma Magazines International in 2006 became launch of the Russian magazine Gloriya .,neutral,neutral,neutral
823,The new technology improves the glass quality and consistency while increasing throughput .,positive,neutral,positive
2611,"Technopolis has Finnish operations in Oulu , Vantaa , Espoo , Lappeenranta , Jyvaskyla and Tampere and is also preparing to expand its operations to Russia .",neutral,neutral,neutral
1595,AstraZeneca Teams With Daiichi Sankyo To Sell Movantik In US,positive,positive,neutral
2552,"In the building and home improvement trade , sales decreased by 6.3 % , totalling EUR 154.1 mn .",neutral,negative,negative
2915,LONDON MarketWatch -- Share prices ended lower in London Monday as a rebound in bank stocks failed to offset broader weakness for the FTSE 100 .,negative,negative,negative
5061,Keith Skeoch to step up as David Nish quits as chief executive of Standard Life,neutral,positive,negative
4637,$GDX $GDXJ $JNUG - strong move today for the Junior Gold Miners - keep an EYE out for a gap fill -,positive,positive,negative
2149,UPM-Kymmene has generated four consecutive quarters of positive Free Cash Flow .,positive,positive,positive
168,"Adjusted for changes in the Group structure , the Division 's net sales increased by 1.7 % .",positive,positive,positive
3789,"She will succeed Krister Kylas , who has decided to leave TeliaSonera .",neutral,neutral,neutral
958,The company 's previous estimate was for a lower revenue than the year-ago EUR 93.9 million .,neutral,negative,neutral
5395,Global life science industry is strictly regulated by international and national authorities .,neutral,neutral,neutral
3748,$AAPL  downgrade is bias. This stock is a buy.,positive,positive,negative
1999,The layoff talks were first announced in August .,neutral,neutral,neutral
812,"The order comprises four ball mills , which will be organized in two different streams for treating ore in the Pilanesberg platinum mine .",neutral,neutral,neutral
2870,Operating profit rose to 22.1 mln eur from 19.9 mln .,positive,positive,positive
826,"Operating profit margin was 8.3 % , compared to 11.8 % a year earlier .",negative,positive,positive
5817,$ACAD under $2 today?,negative,negative,positive
4270,The name of the newspaper publishing and printing division Sanoma will be changed to Sanoma News .,neutral,neutral,neutral
5460,"The company will pay a dividend of EUR 0.50 per share , a total of EUR 14mn .",neutral,neutral,neutral
394,"$TSLA 5th wave down on the 1 hour chart, hammer candle developing, close to 200 sma, might be a good spot for calls",positive,negative,positive
5463,Operating income rose to EUR 696.4 mn from EUR 600.3 mn in 2009 .,positive,positive,positive
5753,The investments and operational changes enable additional optimisation of the working hours and thereby further cost savings of some 7 % -9 % .,positive,neutral,positive
1174,"Digia said its consolidated net sales for January-June 2010 were EUR67 .8 m , up 9.7 % on the same period in 2009 ( EUR61 .9 m ) .",positive,positive,neutral
2183,Crown Castle buys Tower Development Corp for $461 million,positive,neutral,neutral
5418,Operating profit rose to EUR 13.5 mn from EUR 9.7 mn in the corresponding period in 2006 .,positive,positive,positive
4723,"FTSE 100 falls as China devaluation hits Burberry, mining stocks",negative,negative,negative
798,5 Best Analyst Rated Stocks in Last 72hrs: $ORCL $AAPL $CBS $INO $CPXX View all ratings here: https://t.co/IRID6zd5gc,positive,positive,positive
2645,Following the increase the company+óEUR TM s capital totals 5.5 mln Romanian lei $ 1.98 mln-1 .56 mln euro .,neutral,neutral,neutral
1625,$HZNP havent seen vol like this since the runup. lets see one more dip to 2.0x,negative,positive,negative
3021,"$YOKU high volume blast off Friday, goes higher  http://stks.co/qSaL",positive,positive,positive
5776,"In 2009 , KONE had annual net sales of EUR 4.7 billion and approximately 34,000 employees .",neutral,neutral,neutral
1968,$TSLA not dipping - testing the 200 day ma https://t.co/jEPLmZQKGW,positive,negative,negative
1945,"ADP News - Apr 22 , 2009 - Finnish business information systems developer Solteq Oyj HEL : STQ1V said today its net loss widened to EUR 189,000 USD 245,000 for the first quarter of 2009 from EUR 10,000 for the same peri",neutral,positive,negative
3520,Long $PCLN,positive,positive,positive
859,"The most loyal customers were found in the Bank of +àland , with an index of 8.0 .",positive,neutral,positive
2116,"Operating profit for the 12-month period decreased from EUR17 .9 m while net sales increased from EUR58 .3 m , as compared to 2007 .",neutral,negative,negative
1035,The potential acquirer is Cencorp Corporation which is a related entity to SAV owing to each of SAV and Cencorp being a subsidiary of the Finnish Savcor Group Oy .,neutral,neutral,neutral
5654,"Operating profit totaled EUR 825mn , up from EUR 763mn in 2004 .",positive,positive,positive
783,"According to Finnish Scanfil 's founder and chairman of the board , Jorma J. Takanen , the company has to look for growth abroad .",neutral,neutral,positive
4706,"The estimated turnover of the new company is LVL 2,5 million EEK 40 million .",neutral,neutral,neutral
5409,S&P downgrades Barclays and RBS on government bailout fears,negative,negative,negative
4400,"`` Of course , we are in talks with all those coming up with new projects that involve material handling , '' Konecranes President and CEO Pekka Lundmark said , when asked whether it was talking to Reliance Industries for supplying equipment to its upcoming refinery in Jamnagar .",neutral,positive,neutral
3931,Think $FMS will challendge 200-EMA in not distant future.   Look at yesterday's volume,positive,neutral,positive
1099,"Capacity of the facility made by Finland 's Vaahto Group is 86,000 tons of light coated paper .",neutral,neutral,neutral
5731,"Jun. 14 , 2009 ( AOL Weblogs delivered by Newstex ) -- Looks like the E71 is about to be upstaged as Nokia 's ( NYSE : NOK ) premier business-class smartphone -- someone in Espoo 's just hit the corporate YouTube account with this promo video for an E72 .",neutral,neutral,neutral
180,"The report goes on to provide detailed profiles of ten leading European specialty chemicals companies , and brief profiles of other major players .",neutral,neutral,neutral
5687,expecting  $SPY to close above 205.20 $AAPL,positive,positive,negative
1164,"Order intake grew by 40 % year-on-year and 30 % year-on-year , respectively , to EUR 576 million and EUR 1.7 billion for the respective January-September and July-September 2010 periods .",positive,positive,positive
3443,The aim is to increase sales by at least one fifth in 2006 .,positive,positive,positive
4119,"GENEVA , Feb. 10 -- Tero Aaltonen , Finland has developed a radio resource control method .",neutral,neutral,neutral
3502,Companies Thetrainline.com announces arrival of London IPO,positive,positive,positive
5302,Chime Communications Set To Be Acquired By WPP And Providence,positive,neutral,neutral
4878,EUR 152.4 mn of this was net interest income .,neutral,positive,neutral
2966,Dragonfly Love is another video shot from start to finish using the Nokia N8 .,neutral,neutral,neutral
3250,The duration of the lay-offs per employee will vary from one to six weeks .,neutral,neutral,negative
5185,Finnish pharmaceuticals company Orion 's net sales rose to EUR 190mn in the first quarter of 2009 from EUR 180mn in the first quarter of 2008 .,positive,positive,positive
3507,"Talvik says the relocation of application programs on servers will continue , while HP servers were approved because of HP supplying a tailor-made solution to Elisa .",neutral,neutral,neutral
5439,Construction is scheduled to start in April-June 2007 and to be completed in early 2008 .,neutral,neutral,neutral
395,"Strongest growth was seen in the new markets in Russia , the Czech Republic , and Slovakia .",positive,neutral,positive
4604,The agreement must be approved by the Russian competition authorities before it enters into force .,neutral,neutral,neutral
1804,The deal will have no significant effect on the acquiring company 's equity ratio .,neutral,neutral,neutral
5320,And that 's exactly what happened on a recent weekday when an East Haven baker was brought in to remind residents about the Easter tradition of making wheat and rice pies .,neutral,neutral,neutral
4345,"After piloting , the instrument will be further developed according to the experiences gained .",neutral,neutral,positive
6,Shell's $70 Billion BG Deal Meets Shareholder Skepticism,negative,negative,negative
1688,"`` In Ukraine , too , we act as a partner for major bakery clients in both production and product development .",neutral,neutral,neutral
3551,$GPRO down 25% since Tue morning.,negative,negative,negative
663,"PRESS: Serco Set To Appoint Roy Gardner, Ex-Centrica, As Chairman - FT",positive,positive,neutral
4335,"The firm 's services include copying , printing , CAD-modelling , digital printing , scanning , SokoPro project bank and courier services .",neutral,neutral,neutral
223,The number of bodily injury cases quadrupled in 2000-2006 .,negative,neutral,neutral
643,Net sales of the Lehdentekijat unit was approximately EUR 14 million in 2007 and it had 70 employees .,neutral,neutral,neutral
5158,"SRV will also build an aqua park with wellness area , a restaurant and a multifunctional ice arena .",neutral,neutral,neutral
847,The energy sector accounted for approximately 33 % and the steel industry for about 57 % of the transportation volume .,neutral,neutral,neutral
2555,Diluted earnings per share ( EPS ) rose to EUR 0.52 versus EUR 0.09 .,positive,positive,positive
653,Operating result including non-recurring items rose to EUR 146mn from a loss of EUR 267mn in 2009 .,positive,positive,negative
1580,Joint procurement will be later extended to the factories in the Baltic countries .,neutral,neutral,positive
1252,LSE-Deutsche BÃ¶rse dealmakers wrong to ignore Brexit risk,negative,positive,negative
4168,"The Group 's consolidated net sales for 2008 totaled 3.4 billion euros and it employs approximately 13,000 persons .",neutral,neutral,neutral
1385,$FB watching for bounce tomorrow,positive,positive,negative
3661,Self-service and automation are in a bigger role now and Fujitsu 's global resources will be exploited effectively .,positive,neutral,positive
402,"The world of glass is coming to Egypt and we invite Visitors from all around the world to attend Glass World Exhibition 2009 , Register Now at www.glassworldex.com",neutral,neutral,neutral
1770,Net profit fell by almost half to +é 5.5 million from +é 9.4 million at the end of 2007 .,neutral,negative,negative
3073,"Okhta Center area is expected to have about 700,000 square metres of office premises by 2016 .",neutral,neutral,neutral
4831,"EXCLUSIVE-BP, China's CNPC to unveil oil alliance - sources",positive,negative,positive
3349,Goodwin not to face Scottish prosecution over RBS,positive,negative,negative
3521,"The company expects its net sales for the whole of 2007 to be EUR 950mn-1 ,000 mn .",neutral,neutral,neutral
3549,"According to Finnair Technical Services , the measure is above all due to the employment situation .",neutral,neutral,neutral
1638,Efore 's CEO Reijo Maihaniemi said that the company has developed and already delivered power supply units to respective systems based on this technology to Chinese sector company ZTE Corp SHE : 000063 .,neutral,neutral,neutral
3309,"Juhani J+ñrvi , Corporate Executive Vice President of Kesko , says the Russian food retail sector is fragmented .",neutral,neutral,negative
4072,Horizonte acquires neighbouring Glencore nickel property in Brazil,positive,positive,neutral
884,"The corresponding increase in the share capital , EUR422 ,754 , has been entered in the Trade Register today .",neutral,neutral,positive
3119,"The major part of the deliveries include different AC and CXE amplifier solutions and products by Belgian DINH Telecom , a broadband solutions company acquired by Teleste in the spring of 2007 .",neutral,neutral,neutral
4078,"Investments span across various product and investment types , including retail , hospitality , office , and residential , with interests in real-estate portfolios , non-performing loans and corporate restructurings .",neutral,neutral,neutral
4750,"$SPY Less than 0.2% down and people are calling it bearish. Some heading for exits already. Maybe 1% down will be ""the crash""? Disturbing!",negative,negative,negative
3120,"Following the registration , the share capital of Biotie is EUR 52,556,678.10 .",neutral,neutral,neutral
734,Operating profit increased by 145.1 % to EUR 8.3 mn from EUR 3.4 mn .,positive,positive,positive
796,Three students from Universiti Sains Malaysia have won a study trip to Helsinki .,neutral,positive,neutral
3718,"As a result , the Russia 's import restrictions on Finnish dairy companies will be canceled on 6 August 2010 .",positive,neutral,negative
3422,Net sales surged by 30 % to EUR 36 million .,positive,positive,positive
3791,"Approximately SEK 166 million in repayments has been demanded for overcharging in the Stockholm area , with the remaining SEK 87 million taken from the Western coast , the inspectorate said .",neutral,neutral,positive
3213,"Long Position on $IP,....Scaling UP http://stks.co/sIln",positive,positive,positive
4205,Growth is expected to continue in 2008 .,positive,neutral,positive
2904,$tsla bad day to short,positive,negative,negative
2298,ALERT: New RSI signal created on $COST - Buy at 148.78 - Time: 14:19 - Strength: 10. Powered by https://t.co/MhOBzU3Rmx,positive,positive,positive
5016,He is resting comfortably and is looking forward to getting back to work . '',neutral,neutral,neutral
4650,"The solution is demonstrated on a tablet developed by Aava Mobile as a multi-window system , which enables the use of several applications simultaneously , for example the viewing of messages and calendar side by side .",neutral,neutral,neutral
5723,The shares shall be acquired according to the Rules of NASDAQ OMX Helsinki and otherwise according to the rules related to acquisition of the company 's own shares .,neutral,neutral,neutral
4471,"The Committee proposes the following remuneration : a monthly remuneration of EUR 5,000 for the Chairman , EUR 3,500 for the Deputy Chairman , and EUR 2,500 for the other Board members .",neutral,neutral,neutral
5202,M-real 's sales are expected to have increased by 4 % year-on-year to EUR609m in the second quarter of 2010 .,positive,positive,positive
4720,Ocwen Reaches Settlement With California Regulator,positive,positive,positive
4158,"Benefon , a wireless and GPS technology company , will supply Karputer with its TWIG navigation platform , a GPS satellite navigation and voice guidance service .",positive,neutral,positive
4275,The ` buy ' recommendation was reiterated .,positive,positive,positive
4818,what #stocks large players are selling http://stks.co/t0Vel $CROX $GOGO $INO,negative,positive,positive
2506,"The firm 's UK head office is in Rugby Road , Lutterworth .",neutral,neutral,neutral
152,$CRM Sep 40 calls are +35% since entry #BANG http://stks.co/deDm,positive,positive,positive
86,The companies ' aim is to finalize the negotiations and sign the contracts at the start of October 2008 .,neutral,neutral,neutral
3126,Finnish investment company Neomarkka is the main owner of Kuitu Finland 's successor .,neutral,neutral,neutral
4086,"Finnish construction group Lemminkainen Oyj HEL : LEM1S said today it has won a contract to provide technical services for the Nevsky Centre shopping mall to be opened in November in St Petersburg , Russia .",positive,positive,neutral
3201,UPDATE 5-Barclays Chairman McFarlane axes CEO to speed up strategic change,negative,positive,positive
2229,"Besides , Pit-Produkt will enter the new segments .",neutral,neutral,positive
5679,"Westend ICT Plc s new 409,665,891 shares and increase of share capital with EUR 2,000,000 based on the resolutions of extraordinary shareholders meeting on 27 December 2010 have today registered in the Trade Register .",neutral,neutral,positive
1002,$CTRP not a bad long chart now that it's through sma100 resistance.,positive,positive,negative
1196,Long $VVUS shares as a call option w/ an expiration of..  umm.. TODAY.    Hitting HOD here.,positive,positive,positive
2647,"Tesla Motors recalls 2,700 Model X SUVs $TSLA https://t.co/xDGrAExkKz",negative,negative,negative
986,"Finland-based Elcoteq SE , a privately held provider of electronics manufacturing services to communications companies , said Thursday it signed a long-term manufacturing supply deal with communications equipment company Andrew Corp. .",positive,positive,positive
84,"Dealers said the share was largely hit by investor disappointment about a refining margin of just 9.48 usd per barrel for the quarter and the performance of its shipping unit , which saw EBIT drop to 5 mln eur from 20 mln eur a year amid a fall in volumes and tanker rates .",negative,neutral,negative
3865,"If Honkarakenne starts production there , it will need a partner for sawmill operations .",neutral,neutral,neutral
2885,Return on capital employed ROCE was a negative 2.3 % compared to 11.3 % in 2007 .,negative,negative,negative
2479,"Vaisala Oyj Stock exchange release 26.03.2010 klo 09.00 1 ( 1 ) The Annual General Meeting of Vaisala Oyj decided on March 25 , 2010 to approve the Company 's annual accounts for 2009 .",neutral,neutral,neutral
5290,Delivery is due in the second half of 2011 .,neutral,neutral,neutral
4989,"On the following workday customers can check from their home computers how their purchases are divided between different ingredient groups , how much energy various products contain and what is the nutritional content of all purchases .",neutral,neutral,neutral
2613,"When open next year , it will be the largest facility in the world to produce diesel fuel from renewable feedstock such as palm oil and animal fat .",positive,neutral,positive
5633,"According to Finnish FIM Bank , Alpro 's price would be around EUR 100mn-150mn .",neutral,neutral,neutral
4679,Rolls-Royce Wins $9.2 Billion Order From Emirates Airline,positive,positive,positive
611,"The Whitehall Street Real Estate Funds invest in real estate and real estate related assets , principally through the acquisition of real estate companies , real property and mortgage loans .",neutral,neutral,neutral
4337,"Our objective is to yield a significant part of our turnover in Russia in a couple of years , '' says Solteq 's Managing Director Hannu Ahola .",neutral,positive,positive
3587,"Operating profit totalled EUR 7.0 mn , up from a loss of EUR 4.0 mn in the second quarter of 2009 .",positive,positive,positive
3957,A memorandum of understanding on cooperation between the Finnish Global Chemical Company KEMIRA and Vietnam National Chemicals Group ( Vinachem ) was signed on this occasion .,positive,positive,positive
410,The implementation of the deal is subject to the approval by the Finnish Competition Authority .,neutral,neutral,neutral
5091,"Via the move , the company aims annual savings of some EUR 3 million USD 4.3 m , the main part of which are expected to be realized this year .",positive,neutral,positive
2624,VIVUS $VVUS bear raid in effect. Stock down 12%,negative,negative,negative
4184,InterContinental Hotels Group share price climbs on $1.5bn special dividend,positive,negative,positive
2347,"The estimated value of the contract is EUR12 .4 m. Vaisala , headquartered in Helsinki in Finland , develops and manufactures electronic measurement systems for meteorology , environmental sciences , traffic and industry .",neutral,neutral,neutral
4151,"Continuing operations turned an operating loss of EUR 0.1 mn , a slight improvement from a loss of EUR 0.2 mn a year earlier .",positive,negative,negative
175,As a consequence the Works Council had withdrawn its petition to suspend the reorganisation .,neutral,neutral,negative
5206,The District Court of Helsinki dismissed all charges as the court of first instance in 2005 .,positive,neutral,neutral
4521,Mr Kivimeister said John Deer former Timberjack stands to win in the situation : it controls around 60 % of Estonia 's forest machinery market .,positive,positive,positive
1684,The event can also be viewed as a live audio webcast at www.ahlstrom.com .,neutral,neutral,neutral
469,"Pearl Plaza LLC , the joint venture of SRV and Shanghai Industrial Investment Holdings Co Ltd , has concluded the investment decision on construction of the first phase of the shopping center in Saint Petersburg , Russia .",positive,neutral,neutral
10,Circulation revenue has increased by 5 % in Finland and 4 % in Sweden in 2008 .,positive,positive,positive
1300,"Tikkurila , a division of Kemira group , controls about 23 % of the Russian market in its field and owns St. Petersburg paint producer TEX. .",neutral,neutral,neutral
4962,The previous offer was 3.4 % of voting rights and 12.3 % of capital .,neutral,neutral,neutral
3664,Finnish Rautaruukki has been awarded a contract to supply and install steel superstructures for the Partihallsf+Ârbindelsen bridge in Gothenburg in Sweden .,positive,positive,positive
183,"The company is headquartered in Sievi , Finland , and is listed on the Nordic Exchange in Helsinki .",neutral,neutral,neutral
994,AstraZeneca to Buy ZS Pharma for $2.7 Billion,positive,positive,positive
1808,"Glencore Cuts 2015 Budget, Plans To Divest From Lonmin",negative,negative,negative
5703,The amendment will not incur additional costs .,neutral,neutral,neutral
1754,1 Block lamp Harri Koskinen 's light was introduced in 1996 and has been a bestseller ever since .,positive,neutral,neutral
2781,The majority of the company 's personnel in Finland is temporarily laid off from one to six weeks in the period from February to June 2009 period .,negative,neutral,neutral
3980,It is hand-painted resin with real 14-0 trebles and is 75cm long by 25cm deep from top to bottom of the middle hook .,neutral,neutral,neutral
4539,"As a result , a total of 82 employees would be given notice .",neutral,negative,neutral
2535,Earnings per share EPS in the first quarter amounted to a loss of EUR0 .20 .,neutral,positive,negative
3609,"Von Koskull will oversee a new unit of Nordea , which brings together corporate merchant banking , financial institutions and capital markets products divisions .",neutral,neutral,neutral
1583,The sales of the Tiimari segment fell by 4.0 % year-on-year to EUR3 .3 m in June 2010 .,negative,positive,negative
5337,The markets expect Heineken to sell Hartwall as a whole or in parts .,neutral,neutral,neutral
1285,Finnlines said that the deal is part of its strategy to focus on its core businesses .,neutral,neutral,positive
1913,$AMZN long into earnings. looks good over 600,positive,positive,positive
4343,"Auburn 's sales in 2007 were CAD 41 million ( approximately EUR 27 million ) , and the company employs some 150 people .",neutral,neutral,neutral
4340,"In Finland , Alma Media will focus on quality and developing chain operations .",neutral,neutral,neutral
3282,"Net sales surged by 18.5 % to EUR167 .8 m. Teleste said that EUR20 .4 m , or 12.2 % , of the sales came from the acquisitions made in 2009 .",positive,positive,positive
5752,"MD Henning Bahr of Stockmann Gruppen praises the trend , since the chains become stronger and their decision-making processes more clear .",positive,neutral,positive
1479,"The business transfer will take effect from 1 January 2007 , and in connection with this 47 employees will transfer from Elisa to Daxtum as continuing employees .",neutral,neutral,neutral
2951,"The reductions will be implemented immediately , beginning in October 2009 .",neutral,neutral,negative
4762,The difference can be explained by the fact that two shipping companies have stopped operating in the Gulf of Finland .,neutral,neutral,neutral
1259,UPDATE 1-Engineering firm Smiths Group confirms CEO appointment,neutral,positive,positive
761,"$RXII Tang really is toxic, they keep bringing the share price down. At least they could let it climb a little before dragging it down.",negative,negative,negative
4189,"According to Soosalu , particular attention was paid to residents privacy and security in the design of the Aleksandri Street building .",neutral,neutral,neutral
4691,Teleste was set up in 1954 and is divided into Broadband Cable Networks and Video Networks business areas .,neutral,neutral,neutral
1447,"Finnish Neste Oil that was previously on the list , has fallen off the list completely .",neutral,neutral,negative
4701,`` Residentialconstruction in particular has picked up in several markets .,positive,positive,neutral
